panel_id,year,performance,clientactivity,overtime,seniorityrank,collaboration,managerrelationship,slackactivity,externalvisibility,teamno1,teamno2,teamno3,teamno4,teamno5,teamno6,teamno7,teamno8,teamno9,teamno10
1,2016,8.4981632,8,7,3,22,7,-.14871311,-1.8492401,1,0,0,0,0,0,0,0,0,0
2,2016,7.1335435,6,6,3,17,4,-.032767057,-.71052557,0,1,0,0,0,0,0,0,0,0
3,2016,7.9463706,7,7,3,19,6,.33925265,-.94517326,1,0,0,0,0,0,0,0,0,0
4,2016,7.8363023,6,7,4,19,5,.0023028851,-.39941686,0,0,0,1,0,0,0,0,0,0
5,2016,9.5632572,7,7,4,20,4,-.32804573,.56924969,1,0,0,0,0,0,0,0,0,0
6,2016,9.8094559,9,8,4,17,6,.41578358,-.91467476,1,0,0,0,0,0,0,0,0,0
7,2016,8.7861614,7,7,4,21,3,.054476142,.49856281,1,0,0,0,0,0,0,0,0,0
7,2016,8.0541162,6,7,4,22,5,.10641325,-.13591099,1,0,0,0,0,0,0,0,0,0
8,2016,7.5103254,5,7,4,17,8,-.30622971,-1.1869301,1,0,0,0,0,0,0,0,0,0
9,2016,5.2089624,4,7,3,18,8,.14246547,-1.2814504,0,0,1,0,0,0,0,0,0,0
9,2017,7.7170653,6,6,4,18,7,.33735979,-.96177208,1,0,0,0,0,0,0,0,0,0
10,2016,9.7791224,7,6,4,25,7,.36424649,-1.1171266,1,0,0,0,0,0,0,0,0,0
10,2017,8.8918238,7,7,4,25,11,.68926418,-1.4208508,0,1,0,0,0,0,0,0,0,0
11,2016,8.2242374,7,6,3,18,10,.82731593,-1.5826714,1,0,0,0,0,0,0,0,0,0
11,2017,7.7759452,7,7,4,18,6,-.029935002,-1.986371,1,0,0,0,0,0,0,0,0,0
12,2016,9.1080713,7,7,3,21,7,.16443294,-.58623272,1,0,0,0,0,0,0,0,0,0
12,2017,7.5000939,5,6,4,21,4,-.19679499,.043861739,1,0,0,0,0,0,0,0,0,0
13,2016,6.0274301,5,8,3,14,4,.28855968,-1.5344326,0,0,0,1,0,0,0,0,0,0
13,2017,7.6922708,7,8,4,14,5,-.17392254,-.60198414,1,0,0,0,0,0,0,0,0,0
13,2018,6.7065783,5,7,4,14,5,.1682328,.44448012,0,0,1,0,0,0,0,0,0,0
14,2016,7.1706924,6,7,3,18,7,.79591155,-.91890973,1,0,0,0,0,0,0,0,0,0
14,2017,7.4480047,7,7,4,18,8,.52320451,-1.6527125,1,0,0,0,0,0,0,0,0,0
14,2018,6.7256498,6,7,4,18,7,.76098388,-.5546096,1,0,0,0,0,0,0,0,0,0
15,2016,8.1252337,6,6,3,17,9,-.41425657,1.1756707,1,0,0,0,0,0,0,0,0,0
15,2017,7.5935655,5,7,3,17,8,.2838065,-.42018387,1,0,0,0,0,0,0,0,0,0
15,2018,7.993001,5,7,3,17,6,.27697313,-.77125406,1,0,0,0,0,0,0,0,0,0
16,2016,5.8493485,5,7,3,17,7,.96402913,-1.7594919,0,1,0,0,0,0,0,0,0,0
16,2017,6.0479622,7,6,4,17,8,.42079628,-1.7378738,0,0,0,1,0,0,0,0,0,0
16,2018,8.0469818,7,7,4,17,3,.35833097,-.398947,1,0,0,0,0,0,0,0,0,0
17,2016,8.505125,7,7,3,20,9,.53132236,-1.3827641,1,0,0,0,0,0,0,0,0,0
17,2017,7.8024888,8,7,3,20,7,.88019699,.032474045,1,0,0,0,0,0,0,0,0,0
17,2018,6.9188433,7,8,3,20,5,-.24710476,-.43099868,0,0,0,1,0,0,0,0,0,0
18,2016,7.6800585,7,8,3,18,6,.18583417,-1.2396636,1,0,0,0,0,0,0,0,0,0
18,2017,7.8256516,7,7,3,18,3,-.59470022,-.90014893,1,0,0,0,0,0,0,0,0,0
18,2018,6.9967995,7,7,3,18,7,-.45409286,-1.3775218,1,0,0,0,0,0,0,0,0,0
19,2016,7.8665376,7,6,3,20,7,-.22043467,-.22800113,1,0,0,0,0,0,0,0,0,0
19,2017,7.8727822,7,7,3,20,3,-1.0650816,1.4604825,1,0,0,0,0,0,0,0,0,0
19,2018,9.5307045,7,7,4,20,6,-.20676601,-1.3615795,1,0,0,0,0,0,0,0,0,0
20,2016,7.9730239,6,8,4,16,4,.6304903,.29144818,0,1,0,0,0,0,0,0,0,0
20,2017,7.0427551,6,7,4,16,4,.24244881,-1.4437691,0,1,0,0,0,0,0,0,0,0
20,2018,8.121563,6,6,4,16,5,1.4117737,-.22792798,1,0,0,0,0,0,0,0,0,0
21,2016,6.6979027,4,7,3,15,5,.90136987,-.47752923,1,0,0,0,0,0,0,0,0,0
21,2017,6.0514231,4,6,3,15,5,.93887019,-1.7023147,1,0,0,0,0,0,0,0,0,0
21,2018,8.2811508,5,5,3,15,5,1.2099764,-.88437223,1,0,0,0,0,0,0,0,0,0
21,2019,6.5799956,4,5,3,15,4,.50531524,1.2610314,1,0,0,0,0,0,0,0,0,0
22,2016,6.8272729,6,7,3,19,5,-.010333776,-.76093042,1,0,0,0,0,0,0,0,0,0
22,2017,7.1897554,5,7,3,19,5,.74051368,-2.1259081,1,0,0,0,0,0,0,0,0,0
22,2018,6.5666962,6,7,3,19,3,1.0127424,-.67062789,1,0,0,0,0,0,0,0,0,0
22,2019,8.3622608,5,7,3,19,5,.6791001,-1.530368,1,0,0,0,0,0,0,0,0,0
23,2016,7.1629944,6,7,3,15,7,.95325637,-2.15639,1,0,0,0,0,0,0,0,0,0
23,2017,6.7165728,5,7,3,15,9,.0047821999,-.42834431,1,0,0,0,0,0,0,0,0,0
23,2018,5.8419838,6,6,3,15,8,.11513668,-.93265212,0,0,0,1,0,0,0,0,0,0
23,2019,5.770999,5,8,3,15,7,.66761494,-1.0520549,0,1,0,0,0,0,0,0,0,0
24,2016,6.7757988,6,7,4,15,3,-.22095716,1.0392066,1,0,0,0,0,0,0,0,0,0
24,2017,6.5987167,6,7,4,15,7,.98869509,-.08205121,0,0,0,0,1,0,0,0,0,0
24,2018,4.7430811,6,7,4,15,4,-.77550471,.15614688,0,0,0,0,1,0,0,0,0,0
24,2019,6.1663771,6,7,4,15,5,.73400164,-2.0149007,0,0,0,1,0,0,0,0,0,0
25,2016,5.8245254,6,7,3,17,6,.12072802,-.71491671,1,0,0,0,0,0,0,0,0,0
25,2017,6.4160576,5,8,3,17,5,-1.1710715,.16435051,0,0,1,0,0,0,0,0,0,0
25,2018,6.2112627,5,6,3,17,6,.049637139,-1.1029491,0,1,0,0,0,0,0,0,0,0
25,2019,5.9521546,4,6,3,17,4,-.11947525,1.6311481,0,0,0,0,1,0,0,0,0,0
26,2016,8.100071,5,7,3,22,8,-.66286016,1.0275252,0,1,0,0,0,0,0,0,0,0
26,2017,7.8763933,5,7,4,22,10,.35431892,-1.8601332,0,0,1,0,0,0,0,0,0,0
26,2018,8.5654325,7,7,4,22,9,-.039032817,-1.0617298,1,0,0,0,0,0,0,0,0,0
26,2019,9.0421524,7,6,4,22,8,.52419853,-.10921343,1,0,0,0,0,0,0,0,0,0
27,2016,7.5272093,6,6,3,18,5,.15370548,.44502532,0,1,0,0,0,0,0,0,0,0
27,2017,8.0870504,6,6,3,18,5,.91547543,.58000499,1,0,0,0,0,0,0,0,0,0
27,2018,8.6543159,7,6,3,18,5,.7233758,-.99674278,1,0,0,0,0,0,0,0,0,0
27,2019,9.7330837,7,6,3,18,5,.0048137903,-1.6985461,1,0,0,0,0,0,0,0,0,0
28,2016,7.316958,6,6,4,21,6,.53667682,-.48527434,1,0,0,0,0,0,0,0,0,0
28,2017,9.1723442,8,5,4,21,8,.27816188,-.04479529,1,0,0,0,0,0,0,0,0,0
28,2018,7.7067919,6,5,4,21,7,.038707316,-1.3268299,1,0,0,0,0,0,0,0,0,0
28,2019,9.4000101,8,7,4,21,6,.4107089,-.17123337,1,0,0,0,0,0,0,0,0,0
29,2016,6.7468033,5,6,4,21,7,.52865607,-1.6941528,1,0,0,0,0,0,0,0,0,0
29,2017,7.8283463,6,7,4,21,7,-.15146863,-.30262387,1,0,0,0,0,0,0,0,0,0
29,2018,8.4819794,7,5,4,21,6,.21969134,-1.0740116,1,0,0,0,0,0,0,0,0,0
29,2019,9.6827068,8,6,4,21,7,-.22693193,.91996723,1,0,0,0,0,0,0,0,0,0
30,2016,6.0093436,6,6,3,22,7,.97784221,.91415483,0,0,0,0,0,1,0,0,0,0
30,2017,7.2837362,5,6,3,22,4,.18179047,-1.1201272,0,0,1,0,0,0,0,0,0,0
30,2018,6.8780837,7,6,4,22,2,.13199091,-.58149672,0,0,1,0,0,0,0,0,0,0
30,2019,6.6376181,5,7,4,22,4,.19518238,-.055569232,0,0,0,1,0,0,0,0,0,0
31,2016,6.5337553,5,7,3,19,6,-.18759942,.64130896,0,0,1,0,0,0,0,0,0,0
31,2017,7.4456491,7,6,3,19,6,-.12412632,.49442902,1,0,0,0,0,0,0,0,0,0
31,2018,7.88902,6,6,3,19,9,-.3585149,-.27215427,1,0,0,0,0,0,0,0,0,0
31,2019,6.5179839,5,5,3,19,7,.82121074,-2.1163061,0,0,1,0,0,0,0,0,0,0
32,2016,6.6242666,5,5,3,22,6,.37398487,-.21462688,1,0,0,0,0,0,0,0,0,0
32,2017,6.3943343,5,7,3,22,7,.55209541,-.32807654,1,0,0,0,0,0,0,0,0,0
32,2018,7.3186622,5,6,3,22,7,-.41337049,.2079263,0,1,0,0,0,0,0,0,0,0
32,2019,6.7538743,5,6,3,22,8,.024141312,.76855606,1,0,0,0,0,0,0,0,0,0
33,2016,5.1830597,5,7,3,18,6,.41204923,-2.4808064,1,0,0,0,0,0,0,0,0,0
33,2017,4.3693223,4,7,3,18,8,.91805655,.79377794,0,0,0,0,0,0,0,1,0,0
33,2018,6.8425393,5,7,3,18,6,.81367153,-1.4368165,1,0,0,0,0,0,0,0,0,0
33,2019,6.1922331,6,7,3,18,10,.3209365,-2.7918546,0,0,0,1,0,0,0,0,0,0
34,2016,6.2150879,5,6,3,19,6,-.30662692,-.49336582,1,0,0,0,0,0,0,0,0,0
34,2017,7.8261399,8,6,3,19,5,.73086601,-1.6660248,0,1,0,0,0,0,0,0,0,0
34,2018,6.2000403,6,6,3,19,6,1.1020954,-2.6968834,0,0,0,1,0,0,0,0,0,0
34,2019,7.756331,6,7,4,19,8,.21338385,-1.4578758,0,0,1,0,0,0,0,0,0,0
35,2016,6.5922418,7,6,3,22,7,.12150836,-.59824944,0,1,0,0,0,0,0,0,0,0
35,2017,9.018034,7,8,3,22,3,.76521492,-1.6239259,1,0,0,0,0,0,0,0,0,0
35,2018,6.0100961,4,7,3,22,4,.75473928,-1.6454062,1,0,0,0,0,0,0,0,0,0
35,2019,6.8357801,5,7,3,22,7,.54886055,.20045294,0,0,0,0,0,0,1,0,0,0
36,2016,5.7584128,4,7,3,19,7,.88222277,-1.1076676,0,0,1,0,0,0,0,0,0,0
36,2017,7.1376314,6,7,3,19,7,-.60646498,-.80524123,1,0,0,0,0,0,0,0,0,0
36,2018,5.4563589,5,7,3,19,8,-.26868939,-1.473605,0,0,0,0,0,0,1,0,0,0
36,2019,5.7412348,6,7,3,19,10,.15793759,-.75215834,0,0,1,0,0,0,0,0,0,0
37,2016,6.7444038,6,7,3,19,8,.21284395,-1.8922002,0,0,0,1,0,0,0,0,0,0
37,2017,6.6823301,5,7,3,19,5,.33180875,-.97523659,0,0,1,0,0,0,0,0,0,0
37,2018,8.3899746,7,8,3,19,4,.24151981,-.093211055,0,0,0,0,0,1,0,0,0,0
37,2019,8.061511,6,7,3,19,2,.53300011,-.81977677,1,0,0,0,0,0,0,0,0,0
38,2016,6.7401152,5,6,3,18,8,-.82557535,-2.4790487,1,0,0,0,0,0,0,0,0,0
38,2017,6.6705399,4,7,3,18,4,-.18749046,.50695002,1,0,0,0,0,0,0,0,0,0
38,2018,7.8385801,5,6,3,18,4,.90018761,.83604443,1,0,0,0,0,0,0,0,0,0
38,2019,7.7644744,5,7,3,18,6,.068141758,-.45769233,0,0,1,0,0,0,0,0,0,0
39,2016,4.7877707,5,5,4,18,5,.53170937,.60623115,0,0,0,0,0,1,0,0,0,0
39,2017,5.2726731,4,7,4,18,5,.92197806,-1.2094735,0,0,0,1,0,0,0,0,0,0
39,2018,5.6533332,4,5,4,18,5,.55214065,.58581865,1,0,0,0,0,0,0,0,0,0
39,2019,7.7335892,6,6,4,18,8,.029405355,-1.827111,1,0,0,0,0,0,0,0,0,0
40,2016,4.2471938,3,7,3,16,8,1.1295831,-.85277098,0,1,0,0,0,0,0,0,0,0
40,2017,5.7254548,6,7,3,16,6,-.09807837,-.11401971,0,0,1,0,0,0,0,0,0,0
40,2018,5.5578971,5,7,3,16,7,-.30204999,-.82901269,0,0,0,1,0,0,0,0,0,0
40,2019,6.999053,6,6,3,16,9,.68079627,-2.2561204,1,0,0,0,0,0,0,0,0,0
41,2016,6.4749727,5,6,3,14,7,.044081807,.047941081,1,0,0,0,0,0,0,0,0,0
41,2017,6.1830497,5,6,3,14,5,1.290679,-.20981027,0,1,0,0,0,0,0,0,0,0
41,2018,7.365653,7,6,3,14,3,.51669705,-.95027083,1,0,0,0,0,0,0,0,0,0
41,2019,7.2894621,5,6,4,14,6,-.93630028,1.0121456,0,0,1,0,0,0,0,0,0,0
42,2016,7.3286614,7,6,3,20,8,.94158423,-1.8530746,1,0,0,0,0,0,0,0,0,0
42,2017,7.7504492,6,6,3,20,10,-.30044055,.63032359,0,0,1,0,0,0,0,0,0,0
42,2018,7.1066599,6,7,3,20,7,.11546797,-.22283021,0,1,0,0,0,0,0,0,0,0
42,2019,9.6308231,8,7,3,20,6,.55324543,-.22348551,1,0,0,0,0,0,0,0,0,0
43,2016,5.0937171,5,7,3,17,7,-.44234467,-.81400138,0,0,0,0,1,0,0,0,0,0
43,2017,6.2819824,4,6,3,17,6,.77020383,-.75762403,0,0,0,0,1,0,0,0,0,0
43,2018,5.3594141,5,6,3,17,6,.09752816,-2.4098866,0,0,0,1,0,0,0,0,0,0
43,2019,9.1769857,6,7,3,17,6,1.1745768,-.4334822,1,0,0,0,0,0,0,0,0,0
44,2016,5.8163452,7,7,3,22,9,.096745074,-2.6390393,0,1,0,0,0,0,0,0,0,0
44,2017,6.5651054,5,6,3,22,8,.97009122,-.87610215,1,0,0,0,0,0,0,0,0,0
44,2018,6.9872627,7,5,3,22,7,.060030937,-1.2912802,0,0,0,1,0,0,0,0,0,0
44,2019,7.112124,6,7,3,22,9,-.65369213,-1.1635658,1,0,0,0,0,0,0,0,0,0
45,2016,5.9947114,4,6,3,22,4,.075017214,-.61523402,1,0,0,0,0,0,0,0,0,0
45,2017,4.934648,4,7,4,22,2,.1652087,-.47622761,0,0,0,0,0,0,1,0,0,0
45,2018,6.414618,5,6,4,22,5,.23567343,-.87611705,0,0,0,1,0,0,0,0,0,0
45,2019,6.4121504,5,7,4,22,5,.88577724,-.39637896,0,0,1,0,0,0,0,0,0,0
46,2016,6.1657944,4,8,4,16,6,.38038564,-.47476476,0,1,0,0,0,0,0,0,0,0
46,2017,8.4945765,5,7,4,16,8,-.13967597,-1.1233704,1,0,0,0,0,0,0,0,0,0
46,2018,7.8639159,6,6,4,16,8,.021664679,-.087102681,1,0,0,0,0,0,0,0,0,0
46,2019,7.5261145,5,7,4,16,6,.909527,-1.3284711,1,0,0,0,0,0,0,0,0,0
47,2016,5.739255,4,6,4,13,9,.17715263,-.53875405,0,0,1,0,0,0,0,0,0,0
47,2017,4.98458,5,6,4,13,6,.02409339,-1.3353974,0,0,0,0,1,0,0,0,0,0
47,2018,5.3828468,5,8,4,13,7,.18776,-1.6102256,0,0,0,0,0,0,1,0,0,0
47,2019,6.1085153,5,6,4,13,7,.072983027,-.79294884,1,0,0,0,0,0,0,0,0,0
48,2016,5.761426,5,6,4,23,5,.48782104,-.66679394,1,0,0,0,0,0,0,0,0,0
48,2017,7.6747513,6,6,4,23,4,.17848498,-.26740193,1,0,0,0,0,0,0,0,0,0
48,2018,7.050817,6,6,4,23,8,.70367926,-1.5156103,1,0,0,0,0,0,0,0,0,0
48,2019,8.3810711,6,7,4,23,3,.2484892,-1.0174941,1,0,0,0,0,0,0,0,0,0
49,2016,6.4602675,5,7,3,19,9,.6212799,-1.6443963,1,0,0,0,0,0,0,0,0,0
49,2017,6.6237526,6,7,3,19,7,.8717342,-1.1389608,0,1,0,0,0,0,0,0,0,0
49,2018,8.0338049,7,7,3,19,6,.7967943,-1.1585261,1,0,0,0,0,0,0,0,0,0
49,2019,6.9183226,6,7,3,19,7,.73782301,.45377874,1,0,0,0,0,0,0,0,0,0
50,2016,6.7230887,5,6,3,22,5,.54758328,-1.5687541,1,0,0,0,0,0,0,0,0,0
50,2017,7.5021162,6,7,3,22,6,.47628677,-2.2844396,1,0,0,0,0,0,0,0,0,0
50,2018,6.9305739,5,7,3,22,5,.82538545,-.094422281,1,0,0,0,0,0,0,0,0,0
50,2019,6.8420205,5,9,3,22,4,-.25859249,-.48522523,1,0,0,0,0,0,0,0,0,0
51,2016,5.1906853,4,8,2,20,5,.18252671,1.7183057,0,1,0,0,0,0,0,0,0,0
51,2017,5.8611069,5,7,3,20,3,.47396213,-1.1428492,1,0,0,0,0,0,0,0,0,0
51,2018,6.2943687,5,7,3,20,3,.39442426,.36431339,1,0,0,0,0,0,0,0,0,0
51,2019,7.9629922,7,8,3,20,2,.79764098,-.93936086,1,0,0,0,0,0,0,0,0,0
52,2016,5.4294944,7,7,2,21,6,-.095865965,-2.2153251,0,0,0,0,1,0,0,0,0,0
52,2017,4.4691072,3,7,3,21,7,.47306979,-.29860833,0,0,1,0,0,0,0,0,0,0
52,2018,5.6142616,4,6,3,21,7,-.26624548,.11440492,0,0,0,1,0,0,0,0,0,0
52,2019,6.6761589,7,6,3,21,6,-.19545662,.043935027,1,0,0,0,0,0,0,0,0,0
53,2016,6.3655767,6,6,2,18,6,.67286015,-.63094538,0,1,0,0,0,0,0,0,0,0
53,2017,5.8718452,6,8,3,18,3,.77280742,-.53647131,1,0,0,0,0,0,0,0,0,0
53,2018,6.7390571,6,7,3,18,5,.77155244,-.68447131,0,0,0,1,0,0,0,0,0,0
53,2019,6.1359582,6,6,3,18,8,.12446064,-.86257136,0,0,0,0,1,0,0,0,0,0
54,2016,5.6611991,4,8,2,20,8,.56980449,-1.9672363,0,0,0,1,0,0,0,0,0,0
54,2017,5.7987022,5,7,3,20,8,-.28861344,-1.5203991,0,0,1,0,0,0,0,0,0,0
54,2018,6.0807061,4,5,3,20,8,.20665896,-1.7460382,0,0,0,1,0,0,0,0,0,0
54,2019,6.5089617,6,7,3,20,8,.36130524,-1.8146762,0,0,1,0,0,0,0,0,0,0
55,2016,6.9754934,5,7,2,23,2,.19740653,-1.6593697,0,1,0,0,0,0,0,0,0,0
55,2017,7.0208931,5,7,2,23,4,.24193311,-1.1715287,1,0,0,0,0,0,0,0,0,0
55,2018,6.3924217,5,7,3,23,4,-.10406542,-.19966125,0,1,0,0,0,0,0,0,0,0
55,2019,6.8497367,5,8,3,23,6,-1.1673114,-.064667374,0,1,0,0,0,0,0,0,0,0
56,2016,4.9883308,5,8,3,25,4,.4077636,-.36750284,0,0,0,1,0,0,0,0,0,0
56,2017,6.2575097,5,7,3,25,6,-.24608517,-.54979461,0,1,0,0,0,0,0,0,0,0
56,2018,6.1978889,5,6,3,25,5,.40206397,.40404165,0,1,0,0,0,0,0,0,0,0
56,2019,6.290586,5,6,3,25,4,.49135309,-1.2924316,0,0,1,0,0,0,0,0,0,0
57,2016,6.1180062,7,7,2,17,5,-.016881347,-.7265256,0,0,0,0,1,0,0,0,0,0
57,2017,6.032537,7,6,3,17,5,.26258332,-.68094832,1,0,0,0,0,0,0,0,0,0
57,2018,5.8705049,6,7,3,17,8,-2.1822226,.053783882,0,1,0,0,0,0,0,0,0,0
57,2019,6.0204458,6,8,3,17,7,.66659838,-.45404425,0,0,0,1,0,0,0,0,0,0
58,2016,5.4982162,6,5,2,23,3,.46865577,-2.4098547,0,0,0,0,0,1,0,0,0,0
58,2017,5.2816558,5,7,3,23,4,-.059060216,-1.844581,0,0,0,0,1,0,0,0,0,0
58,2018,6.9098344,6,6,3,23,6,.72180414,-.35157415,0,0,1,0,0,0,0,0,0,0
58,2019,7.8253784,7,7,3,23,5,-.1125555,-.54253054,0,0,1,0,0,0,0,0,0,0
59,2016,6.8624749,5,6,3,18,8,.35394508,-1.3005792,0,0,1,0,0,0,0,0,0,0
59,2017,6.017077,4,6,3,18,9,.3713277,-.85850573,0,0,0,0,1,0,0,0,0,0
59,2018,6.720964,5,7,3,18,8,.8318758,-1.596891,1,0,0,0,0,0,0,0,0,0
59,2019,5.5589614,4,7,3,18,5,.58349442,.015025413,0,1,0,0,0,0,0,0,0,0
60,2016,6.0660143,5,8,3,17,7,.26005393,-1.3309188,0,0,0,0,1,0,0,0,0,0
60,2017,5.9742117,5,6,3,17,6,.14090478,-1.5574863,1,0,0,0,0,0,0,0,0,0
60,2018,6.4380941,5,7,3,17,5,-.045963049,-.52362394,0,0,1,0,0,0,0,0,0,0
60,2019,6.7760077,5,8,3,17,4,.62429893,-1.2705338,1,0,0,0,0,0,0,0,0,0
61,2016,6.4057794,5,7,3,18,9,.14125901,-1.1611925,0,0,1,0,0,0,0,0,0,0
61,2017,6.9674101,6,7,3,18,9,.22061354,-1.4044037,0,1,0,0,0,0,0,0,0,0
61,2018,6.6918917,5,6,3,18,6,.32879722,-.69003636,0,0,1,0,0,0,0,0,0,0
61,2019,7.1258888,6,7,3,18,3,.49311888,-.26249066,1,0,0,0,0,0,0,0,0,0
62,2016,4.9011106,5,7,3,18,3,-.02459836,-.70487398,0,1,0,0,0,0,0,0,0,0
62,2017,5.7974615,5,6,3,18,5,-.11984956,-.88232213,0,1,0,0,0,0,0,0,0,0
62,2018,6.9167109,6,6,3,18,5,.61230731,-.97794509,1,0,0,0,0,0,0,0,0,0
62,2019,5.9917192,4,6,3,18,4,-1.1924973,.1886711,0,0,1,0,0,0,0,0,0,0
63,2016,7.1603241,5,6,3,19,8,-.047819972,-.72215211,1,0,0,0,0,0,0,0,0,0
63,2017,7.1649065,4,6,3,19,4,-.070418358,-1.551543,0,1,0,0,0,0,0,0,0,0
63,2018,7.7089872,5,7,3,19,5,.96145386,-1.7530755,1,0,0,0,0,0,0,0,0,0
63,2019,8.6988392,6,7,3,19,7,.52506447,.61492807,1,0,0,0,0,0,0,0,0,0
64,2016,4.8492041,5,6,2,18,4,.68515682,-.61950177,0,0,0,0,1,0,0,0,0,0
64,2017,4.6679926,5,6,3,18,5,1.0753975,-.45637679,0,0,1,0,0,0,0,0,0,0
64,2018,4.7241883,5,7,3,18,6,.3933692,-1.4577172,0,0,0,1,0,0,0,0,0,0
64,2019,5.4801664,5,6,3,18,5,.198502,-.35866556,0,0,1,0,0,0,0,0,0,0
65,2016,6.0493636,6,7,3,25,7,.79394329,-2.5712881,1,0,0,0,0,0,0,0,0,0
65,2017,6.2340775,5,7,3,25,9,.015405178,-.69622123,0,0,0,1,0,0,0,0,0,0
65,2018,7.9474969,7,7,3,25,8,-1.033572,-.84578472,1,0,0,0,0,0,0,0,0,0
65,2019,7.2225394,6,7,4,25,9,.093966007,-2.1312666,1,0,0,0,0,0,0,0,0,0
66,2016,5.9797087,4,6,2,22,5,.25291568,.64289266,0,0,0,0,0,1,0,0,0,0
66,2017,5.2008996,4,7,2,22,4,.55636227,-.65558863,0,0,0,1,0,0,0,0,0,0
66,2018,6.7118516,5,7,2,22,7,-.33348691,-1.0853143,0,1,0,0,0,0,0,0,0,0
66,2019,7.4787469,5,7,3,22,5,.67764801,-1.2539946,1,0,0,0,0,0,0,0,0,0
67,2016,3.5186207,4,5,3,14,7,.99396831,-1.9445876,0,0,0,1,0,0,0,0,0,0
67,2017,4.0911174,4,6,3,14,8,-.085124969,-1.2663876,0,0,0,1,0,0,0,0,0,0
67,2018,3.9147592,4,6,3,14,8,.2085228,-2.0469642,0,0,0,0,0,1,0,0,0,0
67,2019,4.5785775,5,7,3,14,7,.33052337,-.44573042,0,0,0,0,0,0,1,0,0,0
68,2016,6.0976791,5,7,3,21,6,-.53500426,-1.4727178,1,0,0,0,0,0,0,0,0,0
68,2017,5.6749754,5,6,3,21,7,-.36315393,.33052137,0,0,0,0,1,0,0,0,0,0
68,2018,6.8499079,5,6,3,21,7,-.10687315,-.27386138,0,1,0,0,0,0,0,0,0,0
68,2019,6.7840586,6,6,3,21,8,.44331825,-1.2643183,0,1,0,0,0,0,0,0,0,0
69,2016,5.4701438,4,6,2,21,8,.6950115,-1.118112,0,0,1,0,0,0,0,0,0,0
69,2017,5.8352571,2,7,3,21,7,.72478974,-1.4074113,0,1,0,0,0,0,0,0,0,0
69,2018,6.8265939,4,7,3,21,6,.49181926,-.78158718,1,0,0,0,0,0,0,0,0,0
69,2019,6.9178696,6,6,3,21,7,.97137564,.34587306,1,0,0,0,0,0,0,0,0,0
70,2016,5.3387136,4,7,2,18,4,.63834745,-2.0376482,0,0,0,0,1,0,0,0,0,0
70,2017,5.0459609,5,7,3,18,7,.64029098,-2.0874262,0,0,0,0,0,1,0,0,0,0
70,2018,5.4946365,5,7,3,18,5,-.066116452,.83836734,1,0,0,0,0,0,0,0,0,0
70,2019,4.9343324,4,7,3,18,4,.63646162,-1.5382586,0,1,0,0,0,0,0,0,0,0
71,2016,4.8134069,4,7,3,20,9,.54971582,-1.5760523,0,0,0,0,1,0,0,0,0,0
71,2017,5.722013,4,7,3,20,7,-.69136453,-.8202036,0,0,0,0,0,1,0,0,0,0
71,2018,5.6720629,5,6,3,20,8,.46404368,-1.4306171,0,0,0,1,0,0,0,0,0,0
71,2019,5.3544526,5,6,3,20,10,-.87181401,-.10368926,0,0,1,0,0,0,0,0,0,0
72,2016,4.7048173,3,8,3,20,7,.19985813,-2.1925905,0,0,0,1,0,0,0,0,0,0
72,2017,5.2385039,4,7,3,20,3,.62314141,-1.4083711,0,0,1,0,0,0,0,0,0,0
72,2018,5.5972071,5,7,3,20,9,.6431064,-.84982806,0,0,0,0,1,0,0,0,0,0
72,2019,5.3098135,5,7,3,20,7,.50856322,-1.4301956,1,0,0,0,0,0,0,0,0,0
73,2016,7.0701461,6,7,2,21,7,-.17052591,-1.6499199,0,0,0,1,0,0,0,0,0,0
73,2017,6.7447524,5,7,3,21,7,.28665984,-1.1558541,0,0,1,0,0,0,0,0,0,0
73,2018,5.8104553,5,7,3,21,7,.89297915,-.3302902,0,0,0,1,0,0,0,0,0,0
73,2019,7.3096237,6,5,3,21,7,.62804484,-.83925337,1,0,0,0,0,0,0,0,0,0
74,2016,6.0021276,4,6,3,22,2,-.3420881,.64244348,0,1,0,0,0,0,0,0,0,0
74,2017,5.6958137,5,7,3,22,4,.27687377,-.14262208,1,0,0,0,0,0,0,0,0,0
74,2018,7.3966265,5,7,3,22,4,.99735028,-1.7292984,1,0,0,0,0,0,0,0,0,0
74,2019,6.6299124,5,6,3,22,4,.43164629,-1.6437157,0,0,1,0,0,0,0,0,0,0
75,2016,5.8318772,5,7,2,21,7,.62833434,-.061262708,0,1,0,0,0,0,0,0,0,0
75,2017,6.9907236,5,7,3,21,5,.057487607,-.9820621,1,0,0,0,0,0,0,0,0,0
75,2018,6.7608004,5,7,3,21,7,-.13499749,.2267208,0,0,1,0,0,0,0,0,0,0
75,2019,7.6513014,6,7,3,21,8,.49839097,-1.4843682,1,0,0,0,0,0,0,0,0,0
76,2016,5.2814589,4,7,2,18,4,.46460193,.16190907,0,0,0,1,0,0,0,0,0,0
76,2017,6.4364853,6,6,3,18,6,.80416787,-.25109386,1,0,0,0,0,0,0,0,0,0
76,2018,5.3823342,5,6,3,18,4,.50108027,-.7923522,0,0,0,1,0,0,0,0,0,0
76,2019,5.9619513,4,8,3,18,4,.23480546,-1.6257273,0,0,0,1,0,0,0,0,0,0
77,2016,3.6386237,4,7,2,21,7,.25778937,-1.1397971,0,0,0,0,1,0,0,0,0,0
77,2017,6.3201995,5,6,3,21,6,.75058413,.097017139,0,0,1,0,0,0,0,0,0,0
77,2018,7.4735627,6,7,3,21,9,.11245263,-1.4516519,1,0,0,0,0,0,0,0,0,0
77,2019,5.954782,6,6,3,21,8,-.39240992,-.071059406,0,1,0,0,0,0,0,0,0,0
78,2016,4.5489707,4,8,3,15,7,-.18372607,-.66826129,1,0,0,0,0,0,0,0,0,0
78,2017,5.707087,4,5,3,15,6,.64475292,-1.0912093,0,0,1,0,0,0,0,0,0,0
78,2018,5.8619819,4,6,3,15,4,-.66443336,-.010877156,0,0,0,1,0,0,0,0,0,0
78,2019,6.4582291,6,6,3,15,3,.84181052,-.47126117,0,0,1,0,0,0,0,0,0,0
79,2016,5.7661886,6,7,3,22,4,-.49864912,1.2605995,0,0,0,0,1,0,0,0,0,0
79,2017,7.970449,7,6,3,22,2,.69208539,-.89476657,1,0,0,0,0,0,0,0,0,0
79,2018,6.740077,5,7,3,22,8,.12912446,-1.2889156,1,0,0,0,0,0,0,0,0,0
79,2019,8.3762827,6,7,3,22,4,.1861828,.76563513,0,1,0,0,0,0,0,0,0,0
80,2016,6.143641,4,8,3,18,8,.22264874,-.87972772,0,0,1,0,0,0,0,0,0,0
80,2017,6.2439871,3,7,3,18,6,.84791452,-1.2571568,0,1,0,0,0,0,0,0,0,0
80,2018,5.2474899,4,6,3,18,7,.57479078,-.90955251,1,0,0,0,0,0,0,0,0,0
80,2019,5.5639267,5,5,3,18,7,-.8912288,.20973761,0,1,0,0,0,0,0,0,0,0
81,2016,4.4792128,5,6,2,15,8,-1.2864242,1.1464787,0,0,0,0,0,0,0,0,1,0
81,2017,4.4353995,4,7,2,15,11,.65193838,-1.5567082,0,0,0,0,0,0,1,0,0,0
81,2018,3.8781574,4,7,3,15,8,-.2818408,-.62722909,0,0,1,0,0,0,0,0,0,0
81,2019,4.7513709,4,5,3,15,9,-.29686129,.038386028,0,0,0,0,1,0,0,0,0,0
82,2016,4.6402884,3,7,2,20,9,.32803619,-2.2595327,0,0,0,0,0,0,1,0,0,0
82,2017,6.6117668,6,7,3,20,8,-.67698646,-.78704518,1,0,0,0,0,0,0,0,0,0
82,2018,6.6977949,4,7,3,20,5,.73174858,-1.1507374,0,0,0,1,0,0,0,0,0,0
82,2019,6.6147909,5,6,3,20,8,.569152,-.39567184,1,0,0,0,0,0,0,0,0,0
83,2016,6.3069773,6,7,3,23,5,.65443444,-2.9555066,0,1,0,0,0,0,0,0,0,0
83,2017,4.6642809,5,6,3,23,7,.56719279,-2.1368322,0,0,0,1,0,0,0,0,0,0
83,2018,6.5843115,6,7,3,23,6,.13174129,-.76026863,1,0,0,0,0,0,0,0,0,0
83,2019,5.8098497,5,6,3,23,4,-.95551169,-1.2403955,0,0,1,0,0,0,0,0,0,0
84,2016,4.2134333,3,8,2,16,4,-.2180444,.36205262,0,0,0,0,0,0,1,0,0,0
84,2017,4.9430108,3,7,3,16,6,.46369523,.26991221,0,0,1,0,0,0,0,0,0,0
84,2018,4.6930718,4,6,3,16,3,.040837705,.28684658,0,0,0,0,0,0,1,0,0,0
84,2019,5.8128195,5,6,3,16,7,.49809664,-.22568093,0,0,0,1,0,0,0,0,0,0
85,2016,5.2324944,5,6,1,23,8,.90750307,-2.4713032,0,0,1,0,0,0,0,0,0,0
85,2017,5.8621941,6,7,2,23,11,.092109561,-.88737726,1,0,0,0,0,0,0,0,0,0
85,2018,5.2607508,4,8,2,23,9,.55385149,-1.5195181,0,0,0,1,0,0,0,0,0,0
85,2019,5.1300941,4,8,2,23,6,-1.6882524,-.13916981,0,0,0,1,0,0,0,0,0,0
86,2016,4.4215102,4,7,1,23,11,.22111064,-1.6656806,0,0,0,0,1,0,0,0,0,0
86,2017,4.801703,6,7,2,23,8,-.029312253,-2.6862347,0,0,0,0,1,0,0,0,0,0
86,2018,5.9493828,5,6,2,23,7,1.040423,-.82285362,0,0,1,0,0,0,0,0,0,0
86,2019,6.0499587,6,6,2,23,8,.52980113,-1.1749897,1,0,0,0,0,0,0,0,0,0
87,2016,6.029242,5,6,2,22,4,.36506337,-.73336262,0,0,0,1,0,0,0,0,0,0
87,2017,7.2189469,5,7,2,22,5,.63005924,-1.3392528,0,0,1,0,0,0,0,0,0,0
87,2018,5.5759964,4,8,2,22,7,.22542965,-1.1218029,0,0,0,0,0,0,1,0,0,0
87,2019,7.6107931,5,6,3,22,5,-.0058437586,.24635977,0,1,0,0,0,0,0,0,0,0
88,2016,4.8748865,4,6,2,20,9,-.81473911,-.65899342,0,0,0,1,0,0,0,0,0,0
88,2017,5.9571877,4,6,2,20,9,.82693017,-2.4942911,0,1,0,0,0,0,0,0,0,0
88,2018,6.9055619,5,7,2,20,6,.82844841,-1.7908698,1,0,0,0,0,0,0,0,0,0
88,2019,6.3601141,3,6,2,20,5,.31704116,-.38987872,1,0,0,0,0,0,0,0,0,0
89,2016,5.0751953,3,6,2,18,7,-.040158749,-.70716518,0,0,0,1,0,0,0,0,0,0
89,2017,5.513185,4,7,2,18,8,-.1466217,.47335416,1,0,0,0,0,0,0,0,0,0
89,2018,4.8567262,3,7,2,18,9,.62844694,.31370378,0,0,0,0,0,1,0,0,0,0
89,2019,5.138958,3,6,2,18,9,.35537791,-.90736693,0,0,0,0,1,0,0,0,0,0
90,2016,5.5525184,4,6,3,24,7,.17868787,-.82617652,0,0,1,0,0,0,0,0,0,0
90,2017,4.7858033,4,6,3,24,10,.44324112,-1.5895087,0,0,0,0,1,0,0,0,0,0
90,2018,5.3023453,5,6,3,24,7,.01728797,-1.5288813,0,0,0,0,1,0,0,0,0,0
90,2019,7.3266115,6,7,3,24,8,.66249549,-1.7697132,1,0,0,0,0,0,0,0,0,0
91,2016,6.040637,6,7,1,21,5,-.30940807,.88664407,0,0,0,1,0,0,0,0,0,0
91,2017,5.2661123,5,7,2,21,2,-.0032932758,-.75893182,0,0,0,1,0,0,0,0,0,0
91,2018,7.1473503,4,6,2,21,9,-.49094057,-1.1008352,0,0,1,0,0,0,0,0,0,0
91,2019,6.5578156,6,6,2,21,4,-.042446017,1.2141418,1,0,0,0,0,0,0,0,0,0
92,2016,5.3796587,4,6,1,25,7,-.2340312,-.069038555,0,0,0,0,1,0,0,0,0,0
92,2017,4.2681217,4,6,2,25,7,-.65872049,-1.5672815,0,0,0,0,0,0,1,0,0,0
92,2018,6.2865562,5,6,2,25,7,1.0897037,-1.2068914,0,1,0,0,0,0,0,0,0,0
92,2019,6.0035844,5,6,2,25,6,-.54650211,-1.2981881,0,0,0,0,1,0,0,0,0,0
93,2016,5.22157,4,8,2,19,5,-.36119974,-.46514004,0,0,0,0,1,0,0,0,0,0
93,2017,4.4295835,4,6,2,19,6,.56754243,.89899331,0,0,0,0,0,0,0,1,0,0
93,2018,4.3642316,4,7,2,19,10,-.010610461,-1.1866713,0,0,0,0,0,1,0,0,0,0
93,2019,4.5798111,5,7,2,19,8,.23916423,-.71012574,0,0,0,1,0,0,0,0,0,0
94,2016,4.1890593,2,7,2,23,4,.72747505,.071255744,0,0,0,1,0,0,0,0,0,0
94,2017,4.9302301,4,6,2,23,6,-1.1734173,.30316448,0,0,0,0,1,0,0,0,0,0
94,2018,5.7987366,4,6,2,23,5,-.45084345,-.1971646,1,0,0,0,0,0,0,0,0,0
94,2019,5.7264013,4,7,2,23,6,.41943616,-.19306417,0,0,0,0,0,0,1,0,0,0
95,2016,5.0931692,4,6,2,17,4,-.75871408,2.0743086,1,0,0,0,0,0,0,0,0,0
95,2017,4.9979935,5,6,2,17,4,.62079716,-.12355507,1,0,0,0,0,0,0,0,0,0
95,2018,5.0563836,4,7,3,17,5,.66103852,-.99564785,0,0,0,1,0,0,0,0,0,0
95,2019,5.2820396,5,7,3,17,5,.21574223,.19901721,1,0,0,0,0,0,0,0,0,0
96,2016,5.8728056,5,6,2,20,4,.63404429,-1.5022804,1,0,0,0,0,0,0,0,0,0
96,2017,5.0018983,3,7,2,20,4,.07898128,-.43823856,0,0,1,0,0,0,0,0,0,0
96,2018,5.0556321,5,6,2,20,5,-.045242548,-.73793179,0,0,0,0,0,0,0,1,0,0
96,2019,5.3374071,5,6,2,20,2,.20232648,.46621677,0,0,0,0,0,0,1,0,0,0
97,2016,3.6197364,4,7,2,19,6,.14389277,.27292594,0,0,0,0,0,0,1,0,0,0
97,2017,5.5553718,5,6,2,19,3,.80711138,-.62425548,1,0,0,0,0,0,0,0,0,0
97,2018,6.1754899,5,7,2,19,5,-1.4404829,-1.1962202,1,0,0,0,0,0,0,0,0,0
97,2019,5.5936785,5,6,3,19,5,.070400417,.54210418,0,0,0,1,0,0,0,0,0,0
98,2016,6.588717,6,8,2,21,8,.79410619,-.43090197,0,1,0,0,0,0,0,0,0,0
98,2017,6.9440622,5,6,2,21,9,.7791087,-1.0239431,1,0,0,0,0,0,0,0,0,0
98,2018,7.2742934,6,6,2,21,7,-.021941185,.029445974,1,0,0,0,0,0,0,0,0,0
98,2019,6.3238044,4,7,2,21,8,.65844709,-2.1468449,0,1,0,0,0,0,0,0,0,0
99,2016,6.8048973,6,7,2,22,8,.75157821,-1.283421,1,0,0,0,0,0,0,0,0,0
99,2017,7.3355932,6,7,2,22,6,.26026475,-.32613975,1,0,0,0,0,0,0,0,0,0
99,2018,6.2855406,6,7,2,22,5,.43239301,-.4773601,1,0,0,0,0,0,0,0,0,0
99,2019,7.1128731,6,7,2,22,6,-.14083886,-1.4226518,1,0,0,0,0,0,0,0,0,0
100,2016,5.5632629,5,7,2,16,8,.16899812,-2.0346255,0,0,1,0,0,0,0,0,0,0
100,2017,4.4416428,4,6,2,16,8,.13537431,-1.3370847,0,0,0,0,0,1,0,0,0,0
100,2018,3.1819584,4,7,2,16,7,.34922302,-.63531405,0,0,0,0,0,0,1,0,0,0
100,2019,5.9168563,5,7,2,16,7,.86536682,-1.4218432,0,0,1,0,0,0,0,0,0,0
101,2016,5.0400109,4,7,2,16,6,-.32254481,-1.3126066,0,0,1,0,0,0,0,0,0,0
101,2017,3.0675266,3,6,2,16,6,-.566903,-.10669399,0,0,0,0,0,0,0,0,0,1
101,2018,4.9907684,4,7,2,16,8,.17402226,-.20256078,0,0,0,0,0,0,0,1,0,0
101,2019,4.6624093,4,6,3,16,5,-1.037585,.50417829,0,0,0,0,0,0,1,0,0,0
102,2016,3.9295666,6,6,2,18,8,.88507509,-1.8238879,0,0,0,1,0,0,0,0,0,0
102,2017,5.5450525,5,7,2,18,3,.023204148,-.50258404,0,0,0,0,1,0,0,0,0,0
102,2018,6.4728174,5,6,2,18,5,.5284794,-.30404946,0,0,1,0,0,0,0,0,0,0
102,2019,5.3712707,4,7,3,18,4,.67158842,-.5193277,0,0,1,0,0,0,0,0,0,0
103,2016,4.2617178,3,7,1,18,8,.82132679,-.91344541,0,0,1,0,0,0,0,0,0,0
103,2017,4.2739992,4,6,2,18,9,-.19445395,-.025792949,0,0,0,0,1,0,0,0,0,0
103,2018,4.9341269,4,6,2,18,6,-.39924431,.1426485,1,0,0,0,0,0,0,0,0,0
103,2019,4.4949694,4,7,2,18,8,-.0055301189,-1.3744569,0,1,0,0,0,0,0,0,0,0
104,2016,3.5642135,4,7,2,18,4,.49404162,-.77901584,0,0,0,0,1,0,0,0,0,0
104,2017,3.9451873,4,7,2,18,7,-.22736466,-.77433354,0,0,0,0,1,0,0,0,0,0
104,2018,4.4708533,5,6,3,18,4,1.0117666,-1.9115734,0,0,1,0,0,0,0,0,0,0
104,2019,3.7823486,4,6,3,18,8,-.86850083,-.87950248,0,0,0,0,0,0,0,1,0,0
105,2016,4.2890205,4,7,1,17,7,-.66639519,.41555071,0,0,0,0,1,0,0,0,0,0
105,2017,4.4603872,4,7,2,17,6,.10917735,-.094948694,0,1,0,0,0,0,0,0,0,0
105,2018,3.8080173,3,7,2,17,5,-.93506682,1.1462758,0,0,0,0,0,0,1,0,0,0
105,2019,4.7109976,5,7,2,17,4,.20440412,-.16327232,0,0,0,0,1,0,0,0,0,0
106,2016,4.7497702,4,6,2,21,5,-.46104634,-1.8117646,0,0,0,0,0,0,1,0,0,0
106,2017,5.4823618,6,7,2,21,3,.29347962,.91173619,0,0,0,1,0,0,0,0,0,0
106,2018,4.2110591,3,6,2,21,4,.70213008,-1.7307259,0,0,0,0,0,0,1,0,0,0
106,2019,5.3927383,5,5,2,21,5,.79313463,-2.625242,1,0,0,0,0,0,0,0,0,0
107,2016,4.6044998,4,7,1,19,8,.42739791,-1.2085648,0,0,0,0,0,0,0,1,0,0
107,2017,3.7181339,4,6,2,19,6,.72341108,-.23567332,0,0,0,0,1,0,0,0,0,0
107,2018,5.5726614,5,7,2,19,8,.46250284,-.27379388,0,0,0,1,0,0,0,0,0,0
107,2019,5.7273011,5,6,2,19,8,.1542812,.36260891,0,0,0,0,1,0,0,0,0,0
108,2016,3.9909356,3,7,1,17,8,.78838503,-1.801138,0,0,0,0,0,1,0,0,0,0
108,2017,4.1105886,4,6,2,17,6,.4620223,-1.4579825,0,0,1,0,0,0,0,0,0,0
108,2018,3.7760863,3,6,2,17,9,-.0014888048,.3568593,0,0,0,1,0,0,0,0,0,0
108,2019,5.5107446,4,6,2,17,7,.45493901,-1.6191286,0,0,1,0,0,0,0,0,0,0
109,2016,3.6903427,5,7,1,16,7,.28296584,-1.1759989,0,0,0,0,0,0,0,1,0,0
109,2017,3.8972104,5,8,2,16,6,.96647722,-.20043552,0,0,0,0,1,0,0,0,0,0
109,2018,2.9373696,4,7,2,16,5,-.29505706,-.044001024,0,0,0,0,0,0,0,0,0,1
109,2019,4.7436395,5,7,2,16,5,1.0763713,-2.6550632,0,0,1,0,0,0,0,0,0,0
110,2016,3.5481277,3,7,1,17,6,-.17634428,-.60276842,0,0,0,0,0,0,0,0,1,0
110,2017,3.8567054,4,6,2,17,5,.054948866,-.55147594,0,0,0,0,0,0,1,0,0,0
110,2018,4.9109893,5,6,2,17,7,-.24326086,-.44784769,0,0,1,0,0,0,0,0,0,0
110,2019,5.408946,5,6,2,17,7,-.055861592,.25482368,0,0,0,1,0,0,0,0,0,0
111,2016,5.2326345,3,6,2,18,2,-.09064889,-1.8811319,0,0,0,0,0,1,0,0,0,0
111,2017,4.9649038,4,6,2,18,8,-.39137316,-.92520392,0,0,0,0,0,1,0,0,0,0
111,2018,4.4230871,4,6,2,18,3,-.044870019,-.69919902,0,0,0,0,1,0,0,0,0,0
111,2019,5.7567263,6,5,2,18,5,.059888124,-.62379563,0,1,0,0,0,0,0,0,0,0
112,2016,3.6641605,4,6,2,17,10,.056216776,-.80178076,0,0,0,0,1,0,0,0,0,0
112,2017,4.3173285,4,6,2,17,8,.79783791,-1.8119819,0,0,0,0,0,0,0,1,0,0
112,2018,4.5093966,4,6,2,17,8,.13472241,.077290289,0,0,0,1,0,0,0,0,0,0
112,2019,5.1701651,5,4,2,17,9,-.060317159,-1.2481693,0,0,0,1,0,0,0,0,0,0
113,2016,5.4075446,3,7,1,21,6,-.16979897,-.12014705,0,0,0,1,0,0,0,0,0,0
113,2017,4.4044647,4,6,2,21,7,.83067918,-1.0491745,0,0,0,0,0,1,0,0,0,0
113,2018,4.6650062,5,6,2,21,9,.92187917,-1.5404493,0,0,0,1,0,0,0,0,0,0
113,2019,5.05932,6,6,2,21,7,.47481382,-1.290468,0,1,0,0,0,0,0,0,0,0
114,2016,6.8669205,6,7,3,25,5,-.088327885,.13220213,1,0,0,0,0,0,0,0,0,0
114,2017,6.392396,6,6,3,25,7,.90273446,-.66926444,0,0,0,0,0,1,0,0,0,0
114,2018,5.7359848,5,7,3,25,4,.77822769,-.63426459,0,1,0,0,0,0,0,0,0,0
114,2019,6.0506234,6,6,4,25,4,-.64081919,.7836929,0,0,1,0,0,0,0,0,0,0
115,2016,6.6716728,3,6,3,21,8,.24269032,-2.8850646,0,1,0,0,0,0,0,0,0,0
115,2017,6.9516764,5,7,3,21,5,-.10564041,-1.6941395,1,0,0,0,0,0,0,0,0,0
115,2018,8.3051128,5,6,3,21,5,.3049522,-1.0795888,1,0,0,0,0,0,0,0,0,0
115,2019,7.3641777,5,6,3,21,6,.58328205,-1.882031,1,0,0,0,0,0,0,0,0,0
116,2016,5.1707754,4,7,2,24,8,.54280657,-1.5801539,0,0,0,1,0,0,0,0,0,0
116,2017,8.3067427,6,6,2,24,9,.31443036,-.87769467,1,0,0,0,0,0,0,0,0,0
116,2018,7.2908211,6,7,3,24,7,.27888787,-1.6103419,1,0,0,0,0,0,0,0,0,0
116,2019,7.7264853,5,6,3,24,8,.72676772,-.39644694,1,0,0,0,0,0,0,0,0,0
117,2016,4.9431314,4,6,2,20,8,-.40646541,-.000424,0,0,0,1,0,0,0,0,0,0
117,2017,6.8681207,4,6,2,20,7,.75807375,-.79769617,1,0,0,0,0,0,0,0,0,0
117,2018,7.0832429,5,7,2,20,8,.91418391,-.63273573,0,0,1,0,0,0,0,0,0,0
117,2019,6.5084434,3,5,2,20,7,.24232519,-.77223289,0,0,0,1,0,0,0,0,0,0
118,2016,5.883657,5,7,2,19,5,.24423075,-.13293812,0,1,0,0,0,0,0,0,0,0
118,2017,6.2160597,5,6,2,19,1,.0034053326,-.52896333,0,0,0,0,1,0,0,0,0,0
118,2018,5.3098478,6,6,2,19,7,.31831509,.28336209,0,0,0,1,0,0,0,0,0,0
118,2019,6.8855162,6,6,2,19,7,.20771998,-.43278724,0,0,1,0,0,0,0,0,0,0
119,2016,5.7541018,5,7,2,24,4,1.1340563,1.2696148,0,0,0,1,0,0,0,0,0,0
119,2017,5.8622904,6,8,2,24,3,.44770223,-.85673136,0,1,0,0,0,0,0,0,0,0
119,2018,6.7035093,5,7,2,24,7,.322864,.01001085,1,0,0,0,0,0,0,0,0,0
119,2019,7.3816023,6,5,2,24,3,.090621293,-.28781259,0,1,0,0,0,0,0,0,0,0
120,2016,7.1519289,5,6,2,23,8,-.14761162,-.68250185,1,0,0,0,0,0,0,0,0,0
120,2017,5.9960532,5,7,2,23,6,.27874398,-1.858511,0,0,0,1,0,0,0,0,0,0
120,2018,6.5858393,5,6,3,23,5,.80789036,.13234918,1,0,0,0,0,0,0,0,0,0
120,2019,6.5387712,4,7,3,23,7,.14595115,.29064545,1,0,0,0,0,0,0,0,0,0
121,2016,6.5397058,5,7,2,20,3,-.24564576,-1.2556672,1,0,0,0,0,0,0,0,0,0
121,2017,5.8721466,5,7,2,20,5,.16236091,1.1397424,0,0,0,0,0,0,1,0,0,0
121,2018,5.9834008,5,7,2,20,4,.7756806,-.10837284,0,0,0,1,0,0,0,0,0,0
121,2019,6.2150445,6,5,2,20,5,.20879298,-1.1878283,1,0,0,0,0,0,0,0,0,0
122,2016,4.0182862,4,7,2,20,7,-.35957611,.1662055,0,0,0,1,0,0,0,0,0,0
122,2017,5.9735937,5,7,3,20,6,.53058958,-.26633239,0,1,0,0,0,0,0,0,0,0
122,2018,6.3545823,5,7,3,20,8,-.39413989,-1.6465861,1,0,0,0,0,0,0,0,0,0
122,2019,5.422802,4,7,3,20,8,.38219362,-1.9421498,1,0,0,0,0,0,0,0,0,0
123,2016,5.7315001,5,7,2,21,6,.64801383,-.11389067,0,0,0,0,1,0,0,0,0,0
123,2017,5.946341,5,7,2,21,4,.084630847,-1.5011714,0,0,0,0,0,0,0,1,0,0
123,2018,7.7406034,6,7,3,21,7,-.13473082,-1.2985256,0,0,0,1,0,0,0,0,0,0
123,2019,6.5568199,4,7,3,21,3,-1.4268363,.9104501,1,0,0,0,0,0,0,0,0,0
124,2016,5.4126167,5,6,2,19,7,.84819055,.67263287,0,0,0,1,0,0,0,0,0,0
124,2017,5.3069067,4,6,3,19,9,.66020089,-.89349133,0,0,0,0,0,0,1,0,0,0
124,2018,6.3054323,4,6,3,19,5,-.13698411,-.97441417,0,0,0,1,0,0,0,0,0,0
124,2019,5.5263214,5,6,3,19,4,.026816964,-.84392118,0,0,0,0,0,1,0,0,0,0
125,2016,3.6063156,4,7,3,18,8,-1.1915298,-.57837617,0,0,0,0,1,0,0,0,0,0
125,2017,5.8703132,5,7,3,18,9,.37189955,-1.2310377,0,0,1,0,0,0,0,0,0,0
125,2018,5.2802367,6,6,3,18,5,.60728371,-2.6477602,0,0,1,0,0,0,0,0,0,0
125,2019,5.5365229,5,6,3,18,7,.31510884,-.91191089,0,0,0,0,1,0,0,0,0,0
126,2016,3.7382965,3,6,1,19,9,-.52702951,-.99302721,0,0,0,0,0,0,1,0,0,0
126,2017,4.4143815,4,6,2,19,8,.78128141,-.080997117,0,0,0,0,0,1,0,0,0,0
126,2018,4.7782822,4,6,2,19,10,.11393601,-.99057204,0,0,0,1,0,0,0,0,0,0
126,2019,5.7419043,4,6,2,19,7,-.55606818,-.12192161,0,0,0,0,1,0,0,0,0,0
127,2016,4.7948737,4,7,2,17,4,-.10642028,-.450829,0,0,1,0,0,0,0,0,0,0
127,2017,4.1501775,3,6,2,17,2,.80461991,-1.3552903,0,0,0,1,0,0,0,0,0,0
127,2018,4.633925,4,7,2,17,2,.17004466,-1.3718168,0,0,0,0,1,0,0,0,0,0
127,2019,4.8889542,4,7,3,17,2,.073583007,1.3667179,0,0,0,0,0,0,0,0,1,0
128,2016,4.3575435,5,6,1,18,9,.27907556,-.108317,0,0,0,0,0,1,0,0,0,0
128,2017,5.2836342,6,8,2,18,8,.23946786,-.25832167,0,0,0,1,0,0,0,0,0,0
128,2018,4.2451868,4,6,2,18,8,-.12607968,-1.6259955,0,0,0,0,0,0,0,1,0,0
128,2019,5.9874077,5,6,2,18,7,.072156906,-.68017119,0,0,0,0,0,1,0,0,0,0
129,2016,3.8997016,4,7,1,22,9,.25416422,-.94103205,0,0,0,0,0,0,1,0,0,0
129,2017,3.5829558,3,7,2,22,7,.38496697,-.62561274,0,0,0,0,0,0,0,1,0,0
129,2018,5.4403181,5,6,2,22,7,.57112205,-1.0530534,0,0,1,0,0,0,0,0,0,0
129,2019,5.7735038,5,7,2,22,6,-.033906817,-.90500611,0,0,1,0,0,0,0,0,0,0
130,2016,3.5417938,4,6,1,18,8,.3027702,-1.7487993,0,0,0,0,0,0,0,1,0,0
130,2017,4.5954905,6,6,1,18,9,.24285465,-1.341526,0,0,1,0,0,0,0,0,0,0
130,2018,4.4210119,5,6,1,18,8,.12630868,-.56564814,0,0,0,1,0,0,0,0,0,0
130,2019,2.8546672,3,3,1,18,6,.05742985,-1.5894642,0,0,0,1,0,0,0,0,0,0
131,2016,4.1268659,4,7,1,21,6,.42111522,-.95053804,0,0,0,1,0,0,0,0,0,0
131,2017,4.5325866,5,7,1,21,3,-.88967669,1.4972656,0,0,0,0,0,0,1,0,0,0
131,2018,4.7140322,5,8,2,21,3,.40811992,-.70785153,1,0,0,0,0,0,0,0,0,0
131,2019,4.4215097,4,7,2,21,5,.8029567,-1.5129457,0,0,0,0,1,0,0,0,0,0
132,2016,4.0005989,5,6,1,22,4,-.97601938,.4060232,0,0,0,0,1,0,0,0,0,0
132,2017,4.0851369,5,7,2,22,5,-.082386136,.39418909,0,1,0,0,0,0,0,0,0,0
132,2018,5.696393,5,7,2,22,4,1.0447352,-1.3361834,0,1,0,0,0,0,0,0,0,0
132,2019,4.8969069,3,7,2,22,5,.60140413,-.81298637,0,0,0,1,0,0,0,0,0,0
133,2016,4.7323999,3,7,1,19,1,-.43119442,-.29203266,0,0,0,0,0,1,0,0,0,0
133,2017,5.3928337,4,8,1,19,6,.21055841,-.68227899,0,0,0,1,0,0,0,0,0,0
133,2018,4.7100129,3,7,1,19,5,.12640452,-1.1898553,0,0,0,0,0,0,1,0,0,0
133,2019,4.6392198,3,8,2,19,7,.19003284,-.81460387,0,0,0,0,1,0,0,0,0,0
134,2016,6.1127152,2,7,1,25,6,.25328159,-.20923246,0,0,0,1,0,0,0,0,0,0
134,2017,5.9177628,4,6,1,25,5,-.074207306,-.54067463,0,0,1,0,0,0,0,0,0,0
134,2018,5.4920073,4,7,1,25,6,.087422311,.16257785,0,0,1,0,0,0,0,0,0,0
134,2019,6.102726,4,5,1,25,3,.5654465,-.97743154,0,1,0,0,0,0,0,0,0,0
135,2016,4.6612954,5,7,1,25,3,1.0443319,-.78811347,0,0,0,0,0,0,1,0,0,0
135,2017,5.8984237,6,8,1,25,10,-.76850128,-1.1589787,0,0,0,1,0,0,0,0,0,0
135,2018,6.1346536,5,7,1,25,5,.72766984,-.45010677,1,0,0,0,0,0,0,0,0,0
135,2019,5.4118814,5,7,2,25,5,.31587529,-.9512195,0,0,1,0,0,0,0,0,0,0
136,2016,3.3517952,4,6,2,20,4,.57416326,-.50026947,0,0,0,0,1,0,0,0,0,0
136,2017,3.3403068,3,6,2,20,5,.50961852,-1.6181058,0,0,0,0,0,0,0,0,0,1
136,2018,5.058938,5,7,2,20,7,.30312908,-.30296424,0,0,1,0,0,0,0,0,0,0
136,2019,4.6784029,5,6,2,20,8,.50233883,-.93656087,0,0,1,0,0,0,0,0,0,0
137,2016,7.0260682,7,7,1,25,7,.073540866,-2.36079,1,0,0,0,0,0,0,0,0,0
137,2017,5.4375129,4,7,1,25,8,.76991963,-.63234609,1,0,0,0,0,0,0,0,0,0
137,2018,5.8565283,5,7,2,25,7,.073512137,-1.9121473,1,0,0,0,0,0,0,0,0,0
137,2019,5.4173265,5,7,2,25,7,-.07260704,-1.0197999,0,0,0,1,0,0,0,0,0,0
138,2016,4.2026448,6,6,1,20,9,-.057987571,-1.7771457,1,0,0,0,0,0,0,0,0,0
138,2017,5.0241318,6,7,1,20,6,.58343714,-.7469368,0,0,0,1,0,0,0,0,0,0
138,2018,3.5254505,4,6,2,20,7,.93349725,-1.5103401,0,1,0,0,0,0,0,0,0,0
138,2019,5.0926261,4,7,2,20,7,-.50561535,-.44655108,0,1,0,0,0,0,0,0,0,0
139,2016,3.8832469,3,8,1,17,9,.11073995,-1.1535372,0,0,0,0,0,1,0,0,0,0
139,2017,3.6117511,3,6,2,17,5,.33614177,-.55523884,0,1,0,0,0,0,0,0,0,0
139,2018,4.9192915,3,7,2,17,6,1.0551494,-.61225551,0,1,0,0,0,0,0,0,0,0
139,2019,4.6574035,3,7,2,17,8,.92695355,-2.1023316,0,1,0,0,0,0,0,0,0,0
140,2016,2.899081,3,6,1,16,6,.95226097,1.9038723,0,0,0,0,0,0,0,0,1,0
140,2017,4.0325761,3,5,1,16,6,-.18943655,-.15509865,0,0,0,0,0,1,0,0,0,0
140,2018,4.5889559,3,6,2,16,5,.35997939,-1.5496453,0,0,1,0,0,0,0,0,0,0
140,2019,3.336309,4,7,2,16,5,-.19061768,-1.0434353,0,0,0,0,0,0,0,0,0,1
141,2016,2.6184299,2,6,2,19,10,.34984475,-1.0877899,0,0,0,0,0,1,0,0,0,0
141,2017,3.8037415,3,7,2,19,5,-.87491596,-.23806158,0,0,0,1,0,0,0,0,0,0
141,2018,4.5106955,4,8,2,19,6,-.28276575,.45568168,0,0,0,1,0,0,0,0,0,0
141,2019,4.4494972,3,6,2,19,7,-.10194588,-1.8132709,0,0,0,1,0,0,0,0,0,0
142,2016,3.6684213,3,7,1,20,3,.4214617,.63425785,0,0,0,0,0,0,0,1,0,0
142,2017,3.7408905,2,7,2,20,3,.56318134,.44166207,0,0,0,0,0,0,0,0,0,1
142,2018,5.1171784,6,6,2,20,5,1.0287786,-2.268208,0,0,0,0,0,1,0,0,0,0
142,2019,5.4380732,3,7,2,20,5,-.51280606,-1.3058245,0,1,0,0,0,0,0,0,0,0
143,2016,5.1843314,4,6,2,20,5,.52586508,-1.4907041,1,0,0,0,0,0,0,0,0,0
143,2017,6.5865507,6,7,2,20,4,.81312978,-1.685317,0,1,0,0,0,0,0,0,0,0
143,2018,6.3445816,6,7,2,20,4,.76189899,-2.1226981,1,0,0,0,0,0,0,0,0,0
143,2019,6.067749,6,6,2,20,4,.093412757,-.6592828,0,0,0,0,1,0,0,0,0,0
144,2016,4.2718086,4,7,2,18,4,.85091996,-.13514569,0,0,0,0,0,0,1,0,0,0
144,2017,6.2162719,4,7,2,18,5,.98672241,-1.5760884,0,0,0,1,0,0,0,0,0,0
144,2018,6.5604949,4,7,2,18,5,-.47849548,.45550522,1,0,0,0,0,0,0,0,0,0
144,2019,5.9237852,5,6,2,18,4,.32272172,-.74420124,0,1,0,0,0,0,0,0,0,0
145,2016,5.0000353,5,7,2,14,4,.44332588,-.69917256,1,0,0,0,0,0,0,0,0,0
145,2017,4.920948,4,7,2,14,4,.90427387,-1.6698636,0,0,0,0,1,0,0,0,0,0
145,2018,5.6918716,5,6,3,14,4,.24128723,-.35041705,0,0,0,0,1,0,0,0,0,0
145,2019,7.5867882,7,7,3,14,5,-.1588062,-.49446356,1,0,0,0,0,0,0,0,0,0
146,2016,5.9195929,4,7,2,20,5,.79918379,-1.2841996,1,0,0,0,0,0,0,0,0,0
146,2017,6.8763604,5,7,3,20,4,-.40563858,.28677756,1,0,0,0,0,0,0,0,0,0
146,2018,7.0512338,5,6,3,20,6,.51665545,-.97994405,1,0,0,0,0,0,0,0,0,0
146,2019,7.2332253,5,8,3,20,7,-.29141974,.27788779,0,1,0,0,0,0,0,0,0,0
147,2016,4.9902611,4,8,2,21,3,-.1637193,-.29723722,0,0,0,0,0,0,1,0,0,0
147,2017,5.2023454,5,7,2,21,5,-.062088013,.78513634,0,0,0,0,0,1,0,0,0,0
147,2018,6.391993,6,7,2,21,2,.54956585,-.73812842,0,1,0,0,0,0,0,0,0,0
147,2019,6.5186362,5,7,2,21,7,.26773781,-.51315969,0,0,0,1,0,0,0,0,0,0
148,2016,4.2274146,3,6,2,16,4,-.86639214,-.60186833,0,0,0,0,0,0,0,1,0,0
148,2017,5.3181429,5,7,2,16,6,.23134941,.14019442,0,0,0,1,0,0,0,0,0,0
148,2018,5.3498831,4,6,2,16,4,.56991285,-.54096699,0,0,0,1,0,0,0,0,0,0
148,2019,6.276731,6,7,3,16,7,.61264461,-1.2697527,1,0,0,0,0,0,0,0,0,0
149,2016,4.0799294,5,8,2,15,4,.60814357,.23617047,0,0,0,1,0,0,0,0,0,0
149,2017,4.3594189,4,7,2,15,5,.68969637,-1.342682,1,0,0,0,0,0,0,0,0,0
149,2018,4.0414648,4,7,2,15,6,-.27659297,-.94846421,0,0,0,1,0,0,0,0,0,0
149,2019,4.5616446,4,7,2,15,5,.42803252,1.8036647,0,0,0,0,0,0,1,0,0,0
150,2016,5.8429513,5,6,2,23,9,.93251902,-2.8539391,0,1,0,0,0,0,0,0,0,0
150,2017,4.3268652,5,6,2,23,9,-.054412842,-2.0188179,0,0,0,1,0,0,0,0,0,0
150,2018,6.2365332,5,8,2,23,9,.057358503,-1.1598254,0,1,0,0,0,0,0,0,0,0
150,2019,5.7190666,5,7,2,23,9,.20682919,-.89431506,0,0,1,0,0,0,0,0,0,0
151,2016,3.2928987,5,6,1,19,8,.61315733,-2.5279272,0,0,1,0,0,0,0,0,0,0
151,2017,5.1203065,5,6,1,19,6,.29019636,.11996841,1,0,0,0,0,0,0,0,0,0
151,2018,4.1394205,5,7,1,19,4,.41007107,.088783167,1,0,0,0,0,0,0,0,0,0
151,2019,4.4600754,5,6,1,19,6,.32327604,-2.418674,0,0,0,0,0,0,0,0,1,0
152,2016,2.516269,3,6,1,15,5,-2.1608191,-.53168166,0,0,0,0,0,0,0,0,1,0
152,2017,4.1309409,4,6,1,15,5,.6395973,.40135056,0,0,1,0,0,0,0,0,0,0
152,2018,3.2672393,4,8,1,15,4,.48831713,-.43815291,0,0,0,1,0,0,0,0,0,0
152,2019,3.5605874,3,7,2,15,8,.75341284,-1.4292945,0,0,0,1,0,0,0,0,0,0
153,2016,3.8943334,4,7,1,20,6,.18735528,-.20143329,0,0,0,0,1,0,0,0,0,0
153,2017,4.0749946,3,6,1,20,4,-.049517274,-.19405448,0,0,1,0,0,0,0,0,0,0
153,2018,4.6203299,4,7,2,20,8,-.054962397,-1.1264412,0,0,0,1,0,0,0,0,0,0
153,2019,4.3978648,4,8,2,20,6,-.59512234,-.95852828,0,0,0,1,0,0,0,0,0,0
154,2016,3.7988,5,8,2,16,9,-.27398026,-1.5951899,0,0,0,0,0,1,0,0,0,0
154,2017,4.8455324,5,7,2,16,10,.3540467,-1.9023422,0,0,0,0,0,0,0,1,0,0
154,2018,5.3390684,5,6,2,16,7,.29165459,-.40168807,0,0,0,0,0,1,0,0,0,0
154,2019,5.8326273,6,7,3,16,7,.51307887,-1.8863319,1,0,0,0,0,0,0,0,0,0
155,2016,3.9754157,5,6,1,20,5,.77715993,-2.0050271,0,0,0,0,0,0,1,0,0,0
155,2017,5.8444304,5,6,1,20,5,.65885854,-.42755437,1,0,0,0,0,0,0,0,0,0
155,2018,4.7523284,5,7,1,20,4,-.86042643,-1.8545728,0,0,0,0,0,0,1,0,0,0
155,2019,4.453248,4,7,1,20,3,.85244882,-2.0077269,0,0,0,1,0,0,0,0,0,0
156,2016,3.2206025,3,6,1,20,9,.21853721,-3.139535,0,0,0,0,0,0,0,1,0,0
156,2017,4.13272,4,6,1,20,10,.66329277,-1.2509665,0,0,0,0,0,0,0,0,0,1
156,2018,5.9324408,4,6,1,20,10,.26548851,-1.3022596,1,0,0,0,0,0,0,0,0,0
156,2019,6.7434454,6,6,2,20,6,.46682167,-.49810824,0,0,1,0,0,0,0,0,0,0
157,2016,4.6144218,5,8,1,21,4,1.0282466,-.90400791,0,0,0,0,1,0,0,0,0,0
157,2017,3.3045971,4,8,1,21,8,.44559544,-1.5242655,0,0,0,0,0,1,0,0,0,0
157,2018,6.1664367,6,6,1,21,5,-.56985021,.74493515,1,0,0,0,0,0,0,0,0,0
157,2019,4.7192092,4,7,1,21,9,.50777006,1.136999,0,1,0,0,0,0,0,0,0,0
158,2016,4.6221008,5,7,1,21,4,.3253985,.43905449,0,0,0,0,1,0,0,0,0,0
158,2017,4.9410834,3,7,1,21,7,-.70375764,.059576251,0,0,0,0,0,0,0,0,1,0
158,2018,5.4248528,5,8,1,21,5,-.088015556,-.76929629,0,0,0,1,0,0,0,0,0,0
158,2019,4.5587859,5,6,2,21,7,.38059366,.26691863,0,0,1,0,0,0,0,0,0,0
159,2016,3.8808639,4,7,1,19,7,.19614279,-1.3891046,0,0,0,0,0,0,1,0,0,0
159,2017,4.0297723,4,7,1,19,6,1.0439975,-.73200834,0,0,0,0,0,1,0,0,0,0
159,2018,4.736352,4,7,1,19,8,-.38803208,.23879711,0,0,0,1,0,0,0,0,0,0
159,2019,4.0644603,5,1,1,19,4,.42006546,-.35941982,0,0,0,1,0,0,0,0,0,0
160,2016,2.5303569,3,6,1,17,5,.019406796,-.91075993,0,0,0,1,0,0,0,0,0,0
160,2017,4.111886,4,8,1,17,6,.46335262,-.91868454,0,0,1,0,0,0,0,0,0,0
160,2018,4.4250078,3,7,1,17,5,-.39650869,-1.9295126,0,0,0,0,1,0,0,0,0,0
160,2019,4.1745691,4,3,1,17,4,.60670364,-1.0737062,0,0,0,0,1,0,0,0,0,0
161,2016,4.6125045,5,7,1,22,5,-.49347746,-.35490602,0,0,1,0,0,0,0,0,0,0
161,2017,4.6114359,5,7,1,22,4,-.035458803,.032345597,0,0,0,0,0,1,0,0,0,0
161,2018,5.1491022,5,7,1,22,4,.63501316,-1.0357684,0,0,0,0,1,0,0,0,0,0
161,2019,4.6727347,3,4,1,22,5,.11893576,-1.5613762,0,0,0,0,0,1,0,0,0,0
162,2016,3.0465398,4,7,1,18,4,.30309892,-.14817691,0,0,0,0,1,0,0,0,0,0
162,2017,3.613472,4,8,1,18,5,-.5045619,.80670679,0,0,0,0,0,1,0,0,0,0
162,2018,2.8773015,3,6,1,18,5,.20976728,-1.3790568,0,0,0,0,0,0,0,1,0,0
162,2019,4.1085901,3,7,2,18,5,.39056277,-1.0561484,0,0,0,0,0,0,1,0,0,0
163,2016,3.2741725,3,6,1,17,8,-.083137274,-1.7577486,0,0,0,1,0,0,0,0,0,0
163,2017,2.6556885,4,6,1,17,4,.30018562,-.75451952,0,0,0,0,0,0,0,0,1,0
163,2018,3.6275363,5,7,1,17,7,.42008764,-.36757267,0,0,0,0,1,0,0,0,0,0
163,2019,3.0056596,3,0,1,17,5,.58940542,.10126607,0,0,0,1,0,0,0,0,0,0
164,2016,4.9096899,4,7,1,23,9,.68259048,-2.7807934,0,0,0,1,0,0,0,0,0,0
164,2017,4.9509354,5,7,1,23,7,-.27882051,.80677873,1,0,0,0,0,0,0,0,0,0
164,2018,4.0706301,4,7,1,23,5,.36036229,-1.1944362,0,0,1,0,0,0,0,0,0,0
164,2019,5.2067881,5,7,2,23,9,-.74450231,-.66291159,0,0,0,0,1,0,0,0,0,0
165,2016,3.7646179,3,6,1,25,6,.79640973,-1.6671906,0,0,0,0,0,1,0,0,0,0
165,2017,2.6051288,3,6,1,25,7,-.12993646,-1.8754498,0,0,0,0,0,1,0,0,0,0
165,2018,4.8188963,5,7,1,25,3,.037385285,.2141808,0,0,0,0,0,0,1,0,0,0
165,2019,5.6729684,4,3,1,25,6,.70437866,-1.310896,0,0,0,0,1,0,0,0,0,0
166,2016,4.8720222,4,7,1,22,5,.36263537,-1.6245143,0,0,0,0,0,1,0,0,0,0
166,2017,4.0320787,4,7,1,22,5,.35564935,-.97938061,0,0,0,0,0,1,0,0,0,0
166,2018,5.9186239,5,6,1,22,6,.43804777,-.53969771,0,0,1,0,0,0,0,0,0,0
166,2019,4.8120832,5,4,1,22,6,-.12989044,-.54149383,0,1,0,0,0,0,0,0,0,0
167,2016,6.1655908,6,8,2,20,3,-.1449368,-1.341799,0,0,1,0,0,0,0,0,0,0
167,2017,5.3557229,7,6,2,20,3,.051976919,-.76562822,0,0,0,0,0,1,0,0,0,0
167,2018,4.2614074,4,6,2,20,4,-.51988888,-.65862805,0,0,0,0,0,0,0,1,0,0
167,2019,4.2431464,5,7,2,20,4,-.084344029,.45093554,0,0,0,0,1,0,0,0,0,0
168,2016,6.0372515,6,7,2,22,4,.65783823,.46284842,1,0,0,0,0,0,0,0,0,0
168,2017,6.4591966,6,6,2,22,8,.66145194,-.83186698,0,0,0,0,0,0,0,1,0,0
168,2018,4.8264213,5,6,2,22,4,.66974926,-.83590382,0,0,0,1,0,0,0,0,0,0
168,2019,7.3653145,7,7,2,22,4,.18855238,-.41111138,1,0,0,0,0,0,0,0,0,0
169,2016,4.7886481,5,8,2,18,8,.34057629,-2.2265384,1,0,0,0,0,0,0,0,0,0
169,2017,3.8830528,4,7,2,18,8,.70009792,.057010397,0,0,0,0,0,0,0,1,0,0
169,2018,5.2493377,5,8,2,18,9,-.095659018,.56669527,0,0,0,1,0,0,0,0,0,0
169,2019,5.2508521,6,4,2,18,6,-.51974046,1.3169225,0,0,1,0,0,0,0,0,0,0
170,2016,5.0179353,5,7,2,18,3,.76453495,-1.8396407,0,0,0,0,0,0,0,0,1,0
170,2017,5.6108527,5,6,2,18,5,.44526446,-.45489532,0,0,0,1,0,0,0,0,0,0
170,2018,3.8655789,3,8,2,18,7,.050541699,-.3123568,0,0,0,0,0,1,0,0,0,0
170,2019,5.8526955,5,6,2,18,5,.44042611,-.90300238,0,0,1,0,0,0,0,0,0,0
171,2016,2.8277237,3,6,2,19,4,-.39179945,-.71015853,0,0,0,0,1,0,0,0,0,0
171,2017,4.5267916,5,6,2,19,5,.28967053,-1.3997179,0,0,0,0,1,0,0,0,0,0
171,2018,4.7844915,4,7,2,19,6,-.039575219,-1.6537294,0,0,0,0,1,0,0,0,0,0
171,2019,5.0711503,4,6,2,19,5,-.39091837,-.79779011,0,0,0,0,1,0,0,0,0,0
172,2016,4.4094133,3,7,2,16,10,-.071280241,-2.6567633,0,0,0,0,1,0,0,0,0,0
172,2017,4.6203918,3,6,2,16,6,.30095589,-1.4294772,0,0,0,1,0,0,0,0,0,0
172,2018,5.6253366,4,6,2,16,5,.22728604,-1.5287757,0,0,1,0,0,0,0,0,0,0
172,2019,4.7060308,4,7,2,16,11,1.1637613,-1.8656185,0,0,0,0,0,0,1,0,0,0
173,2016,6.8565354,4,8,2,24,5,-.37079787,-1.1994945,1,0,0,0,0,0,0,0,0,0
173,2017,6.2234755,4,5,2,24,4,.70503294,.19681022,0,0,1,0,0,0,0,0,0,0
173,2018,8.7098522,5,6,2,24,6,.10109442,-1.6500368,1,0,0,0,0,0,0,0,0,0
173,2019,7.4663515,6,7,2,24,5,.27047259,-1.5986066,1,0,0,0,0,0,0,0,0,0
174,2016,2.7943139,4,8,2,23,9,-.096815109,-1.3722687,0,0,0,0,0,0,1,0,0,0
174,2017,5.1532111,5,6,2,23,7,.54025507,-.91413403,0,0,0,1,0,0,0,0,0,0
174,2018,6.6482415,6,8,3,23,8,-.017385244,-.89839828,0,0,1,0,0,0,0,0,0,0
174,2019,5.8959122,5,6,3,23,6,-.013624668,-.36329037,0,0,0,0,1,0,0,0,0,0
175,2016,6.7959356,6,7,2,22,3,.56902742,-.33590716,1,0,0,0,0,0,0,0,0,0
175,2017,5.9901476,5,6,2,22,5,.4643901,-.40752435,1,0,0,0,0,0,0,0,0,0
175,2018,6.0845594,5,6,2,22,6,.84521651,-.23089418,1,0,0,0,0,0,0,0,0,0
175,2019,6.429122,6,6,2,22,5,-1.0549059,-1.8462843,0,0,0,0,0,1,0,0,0,0
176,2016,4.2723546,5,8,1,22,6,.078874648,-.88924754,0,0,0,1,0,0,0,0,0,0
176,2017,4.7298746,5,6,1,22,7,-1.2961013,1.6289425,1,0,0,0,0,0,0,0,0,0
176,2018,4.6223693,4,8,2,22,7,.092372775,-.33513942,0,0,0,0,1,0,0,0,0,0
176,2019,5.5004973,3,7,2,22,8,.17933381,.18181057,1,0,0,0,0,0,0,0,0,0
177,2016,4.4098792,5,7,2,20,7,.2184124,-1.1783426,0,0,1,0,0,0,0,0,0,0
177,2017,4.2625151,5,7,2,20,6,-.15998828,-.5424509,0,1,0,0,0,0,0,0,0,0
177,2018,5.2102036,5,7,2,20,9,-.31897974,-.51880419,0,0,0,0,0,1,0,0,0,0
177,2019,5.1046715,6,6,3,20,5,.87882799,-1.1451721,0,0,0,0,0,0,0,1,0,0
178,2016,5.3582869,5,6,1,26,3,-.21536028,.24075849,0,0,0,0,0,1,0,0,0,0
178,2017,5.7034416,5,7,1,26,7,.065603971,-2.3029661,0,1,0,0,0,0,0,0,0,0
178,2018,3.8680451,5,7,2,26,5,-.30609763,-.62513781,0,1,0,0,0,0,0,0,0,0
178,2019,6.6966071,5,6,2,26,4,.86896366,-1.5523188,0,0,1,0,0,0,0,0,0,0
179,2016,3.5495708,3,6,1,19,6,.38418698,.56996298,0,0,0,0,0,0,0,1,0,0
179,2017,3.9124055,5,8,1,19,4,.056028306,-2.0979908,0,0,0,0,0,1,0,0,0,0
179,2018,3.6237457,4,7,2,19,7,-.50475764,.20053031,0,0,0,0,1,0,0,0,0,0
179,2019,4.8732491,5,6,2,19,6,.26138937,-1.5502908,0,0,0,0,0,1,0,0,0,0
180,2016,4.2697763,4,7,1,20,6,.44517297,-2.3692687,0,0,0,0,0,1,0,0,0,0
180,2017,3.1924973,3,7,1,20,9,.55895901,-.079625174,0,0,0,0,0,0,0,0,1,0
180,2018,4.6083078,3,8,1,20,8,-.076376319,-1.4550853,0,0,0,0,0,1,0,0,0,0
180,2019,4.4320588,3,6,2,20,7,.81636256,-2.1069448,0,0,0,0,0,0,0,0,1,0
181,2016,2.9537072,2,6,1,18,7,.23234189,-1.5233724,0,0,0,0,0,0,1,0,0,0
181,2017,3.8571923,2,6,1,18,3,-.67286694,.8985045,0,0,0,0,1,0,0,0,0,0
181,2018,4.2772074,3,7,1,18,3,.60460162,-.58460557,0,0,0,1,0,0,0,0,0,0
181,2019,4.2127328,3,7,1,18,4,.33955061,-1.1450162,0,0,0,0,0,0,0,0,0,1
182,2016,3.2691829,3,7,1,19,6,.45269167,-1.3916795,0,1,0,0,0,0,0,0,0,0
182,2017,4.5445604,4,6,1,19,8,.50625986,-2.5390244,0,1,0,0,0,0,0,0,0,0
182,2018,4.5471978,4,7,1,19,9,.78887951,-1.9376098,0,0,0,0,0,0,0,0,1,0
182,2019,4.2530017,4,7,2,19,9,1.0512972,-1.9272387,0,0,0,0,0,1,0,0,0,0
183,2016,2.9633338,4,6,1,21,4,-.69776881,-.52527666,0,0,0,0,1,0,0,0,0,0
183,2017,4.1277761,4,7,1,21,6,.86631221,.41444653,0,0,0,0,0,0,1,0,0,0
183,2018,3.8518918,5,7,1,21,4,-.049927354,-1.1378328,0,0,0,0,0,1,0,0,0,0
183,2019,4.0556369,4,7,1,21,4,.52546978,-.48522347,0,0,0,0,0,0,1,0,0,0
184,2016,3.9560497,4,7,1,18,5,.072293341,-1.3691564,0,0,0,0,0,0,0,0,1,0
184,2017,3.1933537,2,7,1,18,3,.64329076,-.10356338,0,0,0,0,0,0,0,0,0,1
184,2018,2.9010406,4,7,1,18,3,-.3320111,-.23362921,0,0,0,1,0,0,0,0,0,0
184,2019,3.5129952,3,6,1,18,5,-.76098585,.38975111,0,0,0,0,0,0,0,1,0,0
185,2016,4.4021583,4,7,1,21,4,.48966122,-.60608727,0,0,0,0,0,1,0,0,0,0
185,2017,3.8358283,4,7,1,21,6,-.059584141,-1.1855748,0,0,0,0,1,0,0,0,0,0
185,2018,4.5672798,4,7,1,21,6,.17612261,-.67693573,0,0,0,1,0,0,0,0,0,0
185,2019,4.4452643,5,6,1,21,3,.44957721,-1.5510895,0,0,0,0,0,0,1,0,0,0
186,2016,2.5522685,4,8,1,18,7,-.21701646,.60882139,0,0,0,0,0,1,0,0,0,0
186,2017,2.885118,2,6,1,18,6,-.17867482,-1.7703826,0,0,0,0,0,0,1,0,0,0
186,2018,3.5124049,4,7,1,18,9,-.27433133,-.14901499,0,0,0,0,0,0,0,1,0,0
186,2019,3.9350166,2,7,1,18,7,.38501924,-2.366843,0,0,0,1,0,0,0,0,0,0
187,2016,2.1934743,4,6,1,21,4,.83770335,-1.1028016,0,0,0,0,0,0,0,0,0,1
187,2017,4.6191611,6,8,1,21,3,-.87778378,-1.0261128,0,0,0,0,1,0,0,0,0,0
187,2018,4.1649456,5,7,1,21,6,-.17764544,-.69095159,0,0,0,0,1,0,0,0,0,0
187,2019,5.0536599,5,6,1,21,4,-.063656092,.42301771,0,1,0,0,0,0,0,0,0,0
188,2016,3.5167999,3,7,1,14,4,-.25153577,-.001448927,0,0,0,0,0,0,1,0,0,0
188,2017,3.1830277,3,7,1,14,5,.34932709,-1.6570132,0,0,0,0,1,0,0,0,0,0
188,2018,3.3718383,3,8,1,14,5,-.1298964,.26428989,0,0,0,0,1,0,0,0,0,0
188,2019,4.1490316,4,6,1,14,5,-1.3974204,-.20656446,0,0,0,0,1,0,0,0,0,0
189,2016,3.3014076,4,8,1,19,6,.26647437,-.061033655,0,0,0,0,1,0,0,0,0,0
189,2017,3.6587727,4,6,1,19,8,.77483267,-.55218214,0,0,0,0,1,0,0,0,0,0
189,2018,3.9641881,4,8,1,19,8,.50943941,-2.3738692,0,0,0,0,0,0,0,0,1,0
189,2019,4.0409842,4,7,2,19,4,-.70740032,-.3556926,0,0,0,0,0,0,0,1,0,0
190,2016,3.0815289,4,8,1,17,3,.13646245,-.38928545,0,0,0,0,0,0,0,0,1,0
190,2017,3.6939232,4,7,1,17,7,.68525237,-2.3119466,0,0,0,0,0,0,1,0,0,0
190,2018,4.0960016,4,7,1,17,6,.5403567,-1.3735994,0,0,0,0,0,0,1,0,0,0
190,2019,3.6995788,5,6,1,17,5,.78049707,-.37908122,0,0,0,0,0,0,0,1,0,0
191,2016,3.3402591,3,7,1,19,8,-.37190473,-1.374755,0,0,0,0,0,0,0,0,1,0
191,2017,4.5446653,4,7,1,19,3,.32401478,-.63337237,0,0,0,0,1,0,0,0,0,0
191,2018,3.7308121,3,7,1,19,6,-1.2823579,-1.0831734,0,0,0,0,0,0,0,0,1,0
191,2019,3.6789193,3,5,1,19,8,.012365043,-.14799212,0,0,0,0,0,0,1,0,0,0
192,2016,2.2038357,3,7,1,19,10,-.15718651,-.54007429,0,0,0,0,0,0,1,0,0,0
192,2017,3.2888985,3,8,1,19,6,.69801897,-.53367972,0,0,0,0,0,0,0,0,0,1
192,2018,4.0688066,3,7,1,19,5,.058906078,.39619112,0,0,0,0,1,0,0,0,0,0
192,2019,3.6266875,4,6,1,19,7,.50555909,-1.4609165,0,0,0,0,0,0,0,1,0,0
193,2016,3.9036622,4,6,1,20,5,.74847031,.83002913,0,0,0,0,0,1,0,0,0,0
193,2017,3.7331634,3,7,1,20,6,-.98328352,-1.6757237,0,0,0,0,0,1,0,0,0,0
193,2018,3.7134576,4,7,1,20,3,.4186095,.35308334,0,0,0,0,0,1,0,0,0,0
193,2019,4.7630005,5,6,1,20,4,1.1032747,1.1469622,0,0,0,0,0,0,0,1,0,0
194,2016,2.536541,2,6,1,17,2,-.074093223,-1.4449992,0,0,0,0,0,0,1,0,0,0
194,2017,3.6245389,4,7,1,17,5,.9791643,-1.4599055,0,0,0,0,0,0,1,0,0,0
194,2018,4.1964989,3,7,1,17,3,-.60090411,.36538258,0,0,0,0,0,1,0,0,0,0
194,2019,3.7008545,3,7,1,17,3,.83389115,-1.7935188,0,0,0,0,0,1,0,0,0,0
195,2016,2.5087438,3,7,1,9,6,.82095665,-1.2024783,0,0,0,0,1,0,0,0,0,0
195,2017,3.4076908,4,6,1,9,6,.51593852,-.76796836,0,0,0,0,0,0,0,0,1,0
195,2018,2.5467389,2,7,1,9,2,-.24935424,-.122198,0,0,0,0,0,0,0,1,0,0
195,2019,3.1234024,3,7,1,9,4,.11105883,2.3163013,0,0,0,1,0,0,0,0,0,0
196,2016,5.3782187,4,7,2,21,9,.89074802,-1.6942557,0,0,0,0,0,1,0,0,0,0
196,2017,5.3442535,5,7,2,21,9,.13369524,-.32092285,0,0,0,0,0,1,0,0,0,0
196,2018,5.6658387,5,6,2,21,6,.41179627,-2.1515524,0,0,0,0,1,0,0,0,0,0
196,2019,7.2777987,5,6,2,21,10,-.50263262,.3374193,0,1,0,0,0,0,0,0,0,0
197,2016,4.3702459,4,7,2,16,4,.52627152,-.94159698,0,0,0,0,0,0,0,0,1,0
197,2017,4.5618119,4,6,2,16,4,.33209258,-1.0722669,0,0,1,0,0,0,0,0,0,0
197,2018,4.9285264,3,6,2,16,2,.35354584,-.88237458,0,0,0,0,0,1,0,0,0,0
197,2019,3.9707584,3,7,2,16,6,-.43541396,-1.3997892,0,0,0,0,1,0,0,0,0,0
198,2016,5.228116,5,6,2,17,8,.020097136,-1.6959554,0,0,1,0,0,0,0,0,0,0
198,2017,5.1500311,5,6,2,17,8,.28641617,-1.1075833,0,0,1,0,0,0,0,0,0,0
198,2018,5.1698303,6,5,2,17,7,.74598181,-1.4174224,0,0,0,1,0,0,0,0,0,0
198,2019,4.6085,6,7,2,17,10,-.2584554,-1.3506068,0,0,1,0,0,0,0,0,0,0
199,2016,5.992382,6,6,2,24,5,.58348978,.025356902,0,0,0,0,0,0,1,0,0,0
199,2017,5.727313,4,6,2,24,6,.6149016,-1.8797046,0,1,0,0,0,0,0,0,0,0
199,2018,8.3793106,7,7,2,24,4,-.18140554,.37302119,0,0,1,0,0,0,0,0,0,0
199,2019,7.6590614,6,7,2,24,10,.21565497,-.10329212,0,0,0,0,1,0,0,0,0,0
200,2016,4.1582727,4,6,2,21,7,-1.0187342,-.19944958,0,0,0,1,0,0,0,0,0,0
200,2017,5.06352,5,7,2,21,4,.57131839,-.18160951,0,1,0,0,0,0,0,0,0,0
200,2018,6.4393997,6,7,2,21,4,.76649982,-2.5732195,1,0,0,0,0,0,0,0,0,0
200,2019,7.2553382,5,6,2,21,5,.75500566,-.047306452,0,0,0,1,0,0,0,0,0,0
201,2016,5.5737715,6,7,2,18,5,.88769019,-1.07774,0,1,0,0,0,0,0,0,0,0
201,2017,5.3638239,5,7,2,18,4,.94316828,-1.5840384,1,0,0,0,0,0,0,0,0,0
201,2018,5.2002382,5,6,2,18,5,.7124033,-.3683615,0,0,0,0,0,1,0,0,0,0
201,2019,5.0845375,5,6,2,18,6,-1.7133665,.40201509,0,0,0,1,0,0,0,0,0,0
202,2016,5.0368347,4,6,2,22,4,-1.1974282,.031719156,0,0,0,0,0,0,1,0,0,0
202,2017,5.0430756,3,7,2,22,8,1.0196768,-.82912868,0,0,0,1,0,0,0,0,0,0
202,2018,5.6902709,5,7,2,22,6,.35879314,-1.1930548,1,0,0,0,0,0,0,0,0,0
202,2019,5.3007431,4,6,2,22,9,.14530867,-2.2263842,0,1,0,0,0,0,0,0,0,0
203,2016,3.13572,2,6,2,17,6,-.37661636,-1.4023392,0,0,0,0,0,1,0,0,0,0
203,2017,4.5080481,5,7,2,17,5,.78323239,-2.4006422,0,0,0,0,1,0,0,0,0,0
203,2018,4.7843275,4,7,2,17,5,.11268324,-1.4858036,0,0,0,0,1,0,0,0,0,0
203,2019,4.0867124,4,7,2,17,5,.62706459,-.81668794,0,0,0,0,0,0,0,0,0,1
204,2016,4.1958265,4,6,1,23,6,-1.4266505,.29259127,0,0,0,0,0,1,0,0,0,0
204,2017,3.416326,3,7,1,23,5,-.1306479,-1.0011443,0,0,0,0,0,0,0,1,0,0
204,2018,4.6029892,4,6,1,23,2,.82925469,.15661804,0,0,0,0,1,0,0,0,0,0
204,2019,4.3104296,3,6,1,23,4,.40498,.68983108,0,0,0,1,0,0,0,0,0,0
205,2016,3.4473908,4,8,2,20,6,.3872897,-2.2499747,0,0,0,1,0,0,0,0,0,0
205,2017,4.8281975,3,7,2,20,7,.082604945,-.57122129,1,0,0,0,0,0,0,0,0,0
205,2018,7.0477066,5,6,2,20,8,.54888779,-1.165635,0,0,1,0,0,0,0,0,0,0
205,2019,6.0796099,5,7,2,20,7,-2.5890069,1.0401379,1,0,0,0,0,0,0,0,0,0
206,2016,6.9017515,5,7,2,21,6,.82770944,-1.4137759,1,0,0,0,0,0,0,0,0,0
206,2017,5.6688089,4,7,2,21,6,-.073289037,-.41140315,1,0,0,0,0,0,0,0,0,0
206,2018,6.077179,4,7,2,21,9,.47284615,-1.6549007,1,0,0,0,0,0,0,0,0,0
206,2019,6.8232336,5,8,2,21,8,.09804213,-1.144972,0,1,0,0,0,0,0,0,0,0
207,2016,4.4538279,3,7,2,18,8,-.31771636,-1.7344292,0,0,0,0,1,0,0,0,0,0
207,2017,4.1672125,3,7,2,18,8,-.11972928,-1.178502,0,0,0,0,0,0,1,0,0,0
207,2018,4.3499446,4,7,2,18,7,.70760322,-1.8754169,0,0,0,0,1,0,0,0,0,0
207,2019,5.9095368,5,7,2,18,9,-1.244978,1.2834669,0,0,1,0,0,0,0,0,0,0
208,2016,5.2662497,5,6,2,19,7,-.20649505,-.82012337,0,0,0,1,0,0,0,0,0,0
208,2017,4.9867921,5,7,2,19,5,.88437229,-2.4221981,0,1,0,0,0,0,0,0,0,0
208,2018,4.5597992,5,6,2,19,8,-1.7688875,1.6112089,0,0,0,0,1,0,0,0,0,0
208,2019,5.593545,5,7,2,19,7,.53852588,-1.242489,0,0,0,0,1,0,0,0,0,0
209,2016,5.4930563,5,6,2,21,9,.35034454,-1.736981,1,0,0,0,0,0,0,0,0,0
209,2017,5.7593765,5,7,2,21,6,.77538872,-1.2701032,0,1,0,0,0,0,0,0,0,0
209,2018,4.4212723,4,6,2,21,9,.31649828,-.92435104,0,0,0,0,0,1,0,0,0,0
209,2019,5.3037949,4,8,2,21,6,.30909157,-.39984441,0,0,0,0,1,0,0,0,0,0
210,2016,3.7654121,4,7,2,21,7,-.14592469,-.71986532,0,0,0,0,0,1,0,0,0,0
210,2017,4.6252036,3,6,2,21,7,.040401578,-.68417305,0,0,0,0,0,1,0,0,0,0
210,2018,4.2420635,4,6,2,21,5,.64494979,-.48526484,0,0,0,0,0,1,0,0,0,0
210,2019,6.216372,5,6,2,21,3,.12045699,-.74765772,0,0,0,1,0,0,0,0,0,0
211,2016,3.8609397,4,6,2,17,5,.3513552,-1.4245622,0,0,1,0,0,0,0,0,0,0
211,2017,3.2827249,3,7,2,17,4,.11107779,-.93260866,0,0,1,0,0,0,0,0,0,0
211,2018,4.3134818,5,7,2,17,5,.82891768,-1.0503511,0,0,0,0,1,0,0,0,0,0
211,2019,4.6423445,5,8,3,17,5,-.70604241,-.44012895,0,0,0,0,1,0,0,0,0,0
212,2016,3.8606117,3,7,2,20,7,.22513717,-1.6637986,0,0,0,0,0,0,1,0,0,0
212,2017,4.5112677,3,7,2,20,9,.5262711,-.23663519,0,0,0,0,1,0,0,0,0,0
212,2018,4.1443825,4,7,2,20,7,.2292859,.049591102,0,0,0,0,0,0,1,0,0,0
212,2019,4.4554901,3,5,2,20,8,.27691442,.37629271,0,0,0,0,1,0,0,0,0,0
213,2016,2.2827492,4,7,2,14,8,-.60897386,.7991668,0,0,0,0,0,0,0,0,1,0
213,2017,3.0882802,3,7,2,14,7,.4120962,-2.159761,0,0,0,0,0,0,0,1,0,0
213,2018,3.1735909,4,6,2,14,6,-.036408186,-1.6045649,0,0,0,0,0,0,1,0,0,0
213,2019,4.6448989,5,6,2,14,11,.41875851,-1.7479095,0,0,0,0,0,0,1,0,0,0
214,2016,4.2375288,4,7,2,17,6,.16053742,-2.6512835,0,1,0,0,0,0,0,0,0,0
214,2017,4.5258803,4,7,2,17,4,.82793093,-2.6176884,0,0,0,1,0,0,0,0,0,0
214,2018,4.7989311,4,6,2,17,3,.17637426,-1.4754819,0,0,0,0,1,0,0,0,0,0
214,2019,4.8213296,4,4,2,17,7,-.17456865,.48822924,0,0,0,0,0,0,1,0,0,0
215,2016,4.2184315,5,7,2,21,4,.35391372,-.3553704,0,0,0,0,0,0,0,1,0,0
215,2017,3.8327518,4,6,2,21,5,-.26155233,-.28647953,0,0,0,0,0,1,0,0,0,0
215,2018,4.4516268,5,6,2,21,5,-.26528752,-1.6607909,0,0,0,0,1,0,0,0,0,0
215,2019,4.7162957,4,6,2,21,5,.64568722,-1.6802193,0,0,0,0,0,1,0,0,0,0
216,2016,3.5118146,4,7,2,16,10,.92585367,-3.0940826,0,0,0,0,0,0,0,1,0,0
216,2017,2.3170047,3,7,2,16,8,.65564525,-1.7698082,0,0,0,0,1,0,0,0,0,0
216,2018,4.7173324,5,6,2,16,7,-.13627756,-.48913041,1,0,0,0,0,0,0,0,0,0
216,2019,5.0375404,5,7,2,16,8,.78009045,-1.3037738,0,0,0,0,0,0,1,0,0,0
217,2016,2.5950222,3,7,1,15,6,.6476239,-1.2709372,0,0,0,0,0,0,0,1,0,0
217,2017,4.1807785,4,7,1,15,9,.91015065,-2.95469,0,0,0,0,0,0,1,0,0,0
217,2018,4.3080354,3,8,1,15,9,.73367155,-2.3910084,1,0,0,0,0,0,0,0,0,0
217,2019,4.4803772,4,6,1,15,7,.50155044,-1.1847926,0,0,0,0,0,0,0,0,0,1
218,2016,3.755116,4,7,1,22,8,.49263114,.49807799,0,0,0,0,0,0,1,0,0,0
218,2017,3.5434356,3,7,1,22,6,.29297918,-1.021669,0,0,0,0,0,0,0,1,0,0
218,2018,4.8367133,4,6,1,22,4,.88497049,-.23401737,0,0,0,0,1,0,0,0,0,0
218,2019,4.5661955,3,4,1,22,6,-.26903963,-1.007573,0,0,0,0,1,0,0,0,0,0
219,2016,4.3911333,4,7,1,17,6,.58299434,-1.7218083,0,0,0,1,0,0,0,0,0,0
219,2017,3.6553097,2,6,1,17,7,.040477455,-2.3495476,0,0,0,0,0,1,0,0,0,0
219,2018,3.901114,4,7,1,17,6,.68100393,-.93010342,0,0,1,0,0,0,0,0,0,0
219,2019,3.8325036,4,6,1,17,5,-.13130319,-2.2133074,0,0,0,0,0,1,0,0,0,0
220,2016,4.4974985,4,7,1,21,3,.8865701,-1.0388373,0,0,0,0,0,0,0,0,0,1
220,2017,4.2632251,3,6,1,21,4,.31273836,-1.0303761,1,0,0,0,0,0,0,0,0,0
220,2018,4.2867527,4,7,1,21,1,.53971267,-1.0076164,0,0,0,1,0,0,0,0,0,0
220,2019,5.4353356,4,7,1,21,3,-.69990396,-1.1624116,0,0,0,1,0,0,0,0,0,0
221,2016,4.0088444,3,6,1,19,7,.75512469,-2.8695304,0,0,0,0,1,0,0,0,0,0
221,2017,4.8465843,3,6,1,19,5,.19660461,-.71302515,0,0,0,0,0,0,0,1,0,0
221,2018,5.3056092,6,6,1,19,5,.82811469,-.98491549,0,0,0,1,0,0,0,0,0,0
221,2019,5.1628504,3,8,1,19,5,.56315035,.012509951,0,0,1,0,0,0,0,0,0,0
222,2016,2.4086971,3,7,1,20,7,.61676413,-.33798572,0,0,0,0,0,0,0,1,0,0
222,2017,4.0219569,3,8,1,20,4,-.16962457,.25198159,0,0,0,0,1,0,0,0,0,0
222,2018,4.228261,3,7,1,20,4,.30053014,-.31754351,0,0,0,0,1,0,0,0,0,0
222,2019,6.3191566,6,7,1,20,6,-.13882232,.637245,0,0,0,0,1,0,0,0,0,0
223,2017,2.3047287,3,7,1,15,7,-1.3894246,-.09365651,0,0,0,0,0,0,1,0,0,0
223,2018,4.4527674,5,7,1,15,6,.063214481,-.98462349,0,0,0,0,0,0,1,0,0,0
223,2019,3.9822266,5,7,1,15,4,.47222829,-.292,0,0,0,0,1,0,0,0,0,0
224,2017,3.5995045,5,7,1,20,6,.41431606,1.0162507,0,0,0,0,0,0,1,0,0,0
224,2018,4.2777839,5,7,1,20,9,.3192215,.078266263,0,0,0,1,0,0,0,0,0,0
224,2019,3.5877156,4,7,1,20,10,.43125856,-1.2200431,0,0,0,0,0,0,1,0,0,0
225,2017,3.4888482,4,6,1,18,9,-.07852006,-1.5626179,0,0,0,0,0,0,1,0,0,0
225,2018,3.6876557,2,7,1,18,8,1.0024315,-1.1034054,0,0,0,0,0,1,0,0,0,0
225,2019,4.4516411,4,7,1,18,9,.52773714,-.64461386,0,0,1,0,0,0,0,0,0,0
226,2017,1.4126503,2,7,1,16,8,.69978768,-2.3136382,0,0,0,0,0,0,0,0,0,1
226,2018,3.3256474,3,6,1,16,9,-.4931829,-1.3509722,1,0,0,0,0,0,0,0,0,0
226,2019,4.0791445,5,7,1,16,7,.4047538,.29328546,0,0,1,0,0,0,0,0,0,0
227,2017,4.295258,3,7,1,22,6,.65808845,-1.5243393,0,0,0,1,0,0,0,0,0,0
227,2018,4.4323478,4,7,1,22,8,.85769773,-1.6369736,0,0,0,0,0,1,0,0,0,0
227,2019,4.7618728,3,7,1,22,6,.3585307,-1.2629645,0,0,0,0,0,0,1,0,0,0
228,2017,3.4674773,4,7,1,21,5,.62742347,-1.1856445,0,0,0,0,0,0,0,0,0,1
228,2018,4.5525069,5,8,1,21,7,.59870815,-1.6756994,0,0,0,0,1,0,0,0,0,0
228,2019,5.2259283,4,6,1,21,9,.087052405,.81555384,0,0,0,0,0,1,0,0,0,0
229,2017,3.6366398,4,7,1,21,9,.666628,-1.8525774,0,0,0,0,0,1,0,0,0,0
229,2018,3.4383228,4,7,1,21,4,.16350079,.16266224,0,1,0,0,0,0,0,0,0,0
229,2019,5.2259483,4,7,1,21,7,.69280624,-1.3058554,0,0,0,1,0,0,0,0,0,0
230,2017,2.279572,3,7,1,16,2,.85230207,.0049005882,0,0,0,0,0,1,0,0,0,0
230,2018,3.5584006,3,7,1,16,6,.2357893,-.90321541,0,0,0,1,0,0,0,0,0,0
230,2019,3.9624493,2,8,1,16,5,-1.3497403,-1.8231664,0,0,0,0,0,1,0,0,0,0
231,2017,4.4025664,3,7,1,20,2,.36902475,-.080067076,0,1,0,0,0,0,0,0,0,0
231,2018,4.2847667,3,7,1,20,6,-.27949762,-.67211354,0,0,0,0,0,0,0,0,1,0
231,2019,5.238687,5,7,1,20,4,.32708174,-1.1464726,0,0,1,0,0,0,0,0,0,0
232,2017,3.8179421,5,6,1,19,3,.63592976,-1.26305,0,0,0,1,0,0,0,0,0,0
232,2018,3.3197041,3,6,1,19,5,-.97466743,-.89588219,0,0,0,0,0,1,0,0,0,0
232,2019,2.670382,4,7,1,19,3,-.18505454,-.22000726,0,0,0,0,0,0,0,1,0,0
233,2017,4.3581333,4,7,1,20,4,.049113452,.40396142,0,0,0,0,0,0,1,0,0,0
233,2018,4.4717131,4,6,1,20,4,.26289237,-.95220828,0,0,0,0,1,0,0,0,0,0
233,2019,3.3290303,3,6,1,20,4,.66185439,-.2435905,0,0,0,0,0,0,0,0,1,0
234,2017,3.0150828,3,7,1,20,8,-.21203971,-.49759316,0,0,0,0,1,0,0,0,0,0
234,2018,3.9261937,3,6,1,20,9,1.1212046,.5512504,0,0,0,0,1,0,0,0,0,0
234,2019,4.7518945,3,8,1,20,7,.39601177,-2.076242,0,0,0,0,0,1,0,0,0,0
235,2017,3.0459893,2,7,1,25,8,.6743831,-2.4715502,0,0,1,0,0,0,0,0,0,0
235,2018,3.291764,4,7,1,25,5,-.33730757,-.00055200001,0,0,1,0,0,0,0,0,0,0
235,2019,4.8759208,4,7,1,25,8,.0024514198,.1987405,0,0,1,0,0,0,0,0,0,0
236,2017,3.9546933,2,7,2,22,7,-.0066620111,-.84857535,0,0,0,0,0,1,0,0,0,0
236,2018,4.126152,3,7,2,22,11,.083353817,-2.8407505,0,0,0,0,0,0,0,1,0,0
236,2019,3.6029484,2,7,2,22,7,.68579125,-2.572046,0,0,0,1,0,0,0,0,0,0
237,2017,3.8854702,4,7,2,19,9,.42637479,-1.5318344,0,0,0,0,0,0,1,0,0,0
237,2018,5.7632804,6,7,2,19,7,.15554869,-1.5184211,1,0,0,0,0,0,0,0,0,0
237,2019,5.8162742,4,6,2,19,7,.28605121,-1.2615515,0,0,0,0,0,0,1,0,0,0
238,2017,3.5747254,3,8,2,22,9,-.53037059,-1.7996914,0,0,0,1,0,0,0,0,0,0
238,2018,5.3426957,4,8,2,22,10,-.30147421,-.85872811,0,0,0,1,0,0,0,0,0,0
238,2019,5.3350768,4,6,2,22,9,-.25479162,-1.5188692,1,0,0,0,0,0,0,0,0,0
239,2017,4.4240913,3,7,2,21,7,-.60190058,.030793024,0,0,0,1,0,0,0,0,0,0
239,2018,4.3985648,3,6,2,21,4,-.25092053,-1.0077611,0,0,0,0,0,1,0,0,0,0
239,2019,4.4569116,4,6,2,21,8,.0041154623,-1.0077382,0,0,0,0,0,1,0,0,0,0
240,2017,5.5253458,5,6,2,20,9,-.55638862,-.11219619,0,0,0,0,1,0,0,0,0,0
240,2018,4.6913667,4,7,2,20,7,.010315776,-.67289805,0,0,0,0,0,0,0,1,0,0
240,2019,4.1377115,3,7,2,20,4,.70599866,-1.1874907,0,0,0,1,0,0,0,0,0,0
241,2017,2.9999294,3,7,1,15,7,.79372072,-1.498457,0,0,0,0,0,1,0,0,0,0
241,2018,3.3107789,4,7,1,15,6,.32356,-.98270106,0,0,0,0,1,0,0,0,0,0
241,2019,3.9638875,3,7,1,15,7,.16690522,-1.014331,0,0,0,0,1,0,0,0,0,0
242,2017,3.7431493,3,6,1,22,7,.60226393,-2.794513,0,0,0,0,0,0,1,0,0,0
242,2018,4.168457,3,7,1,22,6,.017327487,-1.6569101,0,0,0,1,0,0,0,0,0,0
242,2019,3.9060435,3,6,1,22,9,.60419893,-1.2257773,0,0,1,0,0,0,0,0,0,0
243,2017,6.1477304,5,7,1,23,9,.5960232,-1.6632193,0,0,1,0,0,0,0,0,0,0
243,2018,4.7515955,5,8,1,23,6,.18909699,.12858728,0,0,0,1,0,0,0,0,0,0
243,2019,5.412487,4,6,1,23,9,-.099835157,-.39020783,0,0,1,0,0,0,0,0,0,0
244,2017,3.1208413,1,8,1,16,6,-.35255373,-.85359102,0,0,0,0,1,0,0,0,0,0
244,2018,3.9512043,3,7,1,16,11,.9307912,-1.3271689,0,0,0,0,0,0,0,0,1,0
244,2019,3.140079,3,7,1,16,7,.60262454,-1.4870403,0,0,0,1,0,0,0,0,0,0
245,2017,4.5540328,4,7,1,21,5,-.73082757,-.24132285,0,0,0,1,0,0,0,0,0,0
245,2018,4.8468537,5,6,1,21,3,1.1232574,-2.0909309,0,0,0,1,0,0,0,0,0,0
245,2019,5.8404379,5,7,1,21,5,-.58735573,-.053369574,0,0,0,0,1,0,0,0,0,0
246,2017,4.9898238,5,7,1,22,5,-.10998547,1.2037424,0,0,0,0,0,1,0,0,0,0
246,2018,4.9931631,5,6,1,22,9,.44689947,-.11246514,0,0,0,0,1,0,0,0,0,0
246,2019,5.0186071,4,7,1,22,6,1.2427498,.6951021,0,0,0,0,0,1,0,0,0,0
247,2017,3.5788898,3,9,1,14,5,.20136386,-.31288201,0,0,0,0,1,0,0,0,0,0
247,2018,3.4718204,4,8,1,14,7,.065892041,-.02743209,0,0,0,0,0,0,0,0,1,0
247,2019,3.7021644,3,6,1,14,8,.43954349,-1.1013726,0,0,0,0,0,1,0,0,0,0
248,2017,3.9410553,5,6,1,20,8,.073479831,-.050284006,0,0,0,0,0,0,1,0,0,0
248,2018,3.8239441,4,6,1,20,6,-.047607303,.91759998,0,0,0,0,0,1,0,0,0,0
248,2019,3.9834208,5,6,1,20,3,-.18399858,.1005282,0,0,0,0,0,1,0,0,0,0
249,2017,3.8605015,3,7,1,20,6,-.74316299,-.74380577,0,0,0,0,0,0,0,1,0,0
249,2018,4.2918196,4,6,1,20,6,.52968395,-.68570513,0,0,1,0,0,0,0,0,0,0
249,2019,3.7557709,5,7,1,20,9,-1.7011099,-.044292636,0,0,0,0,0,1,0,0,0,0
250,2018,3.4570363,3,6,1,20,9,.28653222,-1.3889874,0,0,0,0,0,0,0,0,0,1
250,2019,4.6762762,3,7,1,20,8,-.014242411,-1.1697527,0,0,0,1,0,0,0,0,0,0
251,2018,3.7413681,4,6,1,20,4,.16557109,-1.3021377,0,0,0,0,0,0,1,0,0,0
251,2019,4.9383631,5,5,1,20,7,-1.4816375,.0044924668,0,0,0,0,0,1,0,0,0,0
252,2018,2.6297309,3,7,1,17,7,.53820145,-1.96066,0,0,0,0,0,0,0,0,1,0
252,2019,3.8013275,3,7,1,17,7,.70248145,-1.961146,0,0,0,0,1,0,0,0,0,0
253,2018,3.2603683,5,7,1,24,5,-.11326563,-1.5384421,0,0,0,0,1,0,0,0,0,0
253,2019,3.7984664,3,6,1,24,4,.17042786,1.2774554,0,0,0,1,0,0,0,0,0,0
254,2018,4.0843859,4,7,1,21,2,.90662503,-1.2726318,0,0,0,0,0,0,1,0,0,0
254,2019,3.5091565,3,7,1,21,4,.38722843,-1.3489703,0,0,0,0,0,0,1,0,0,0
255,2018,3.5221908,3,6,1,18,7,.15937263,-1.3497299,0,0,0,0,0,0,1,0,0,0
255,2019,4.3668337,4,6,1,18,7,-.904948,-1.865189,0,0,0,0,0,0,1,0,0,0
256,2018,5.9962626,4,7,2,23,3,-1.1632617,.40752399,0,0,1,0,0,0,0,0,0,0
256,2019,5.0563941,5,7,2,23,5,-.46494067,-.54765415,0,0,0,0,0,1,0,0,0,0
257,2018,4.3615232,4,7,2,17,8,.32759601,-2.6005652,0,0,0,0,0,1,0,0,0,0
257,2019,4.4529371,4,7,2,17,9,.24316096,-.84067112,0,0,0,0,1,0,0,0,0,0
258,2018,4.8274126,5,7,2,21,5,-.40310323,-1.4907082,0,0,1,0,0,0,0,0,0,0
258,2019,4.4266672,5,6,2,21,5,.020813286,.081694178,0,0,1,0,0,0,0,0,0,0
259,2018,3.5004678,5,6,2,20,9,.37189394,-1.8500335,0,0,0,0,0,0,0,0,0,1
259,2019,5.1284113,5,6,2,20,6,-.55179977,.36126676,0,1,0,0,0,0,0,0,0,0
260,2018,5.5128503,5,8,2,18,6,-.89272356,-1.4497933,0,0,0,1,0,0,0,0,0,0
260,2019,6.0129366,6,7,2,18,9,.47964919,-1.0905396,0,0,0,0,0,1,0,0,0,0
261,2018,4.7541366,5,7,2,23,4,.29689848,-1.7040056,0,0,0,0,0,0,1,0,0,0
261,2019,3.9021397,4,7,2,23,5,.83040845,-1.2512302,0,0,0,0,1,0,0,0,0,0
262,2018,3.9951992,4,6,1,20,4,.88847077,-1.5956759,0,0,0,0,0,1,0,0,0,0
262,2019,5.6592169,4,6,1,20,6,.47504514,-.2312697,0,1,0,0,0,0,0,0,0,0
263,2018,3.0261893,4,6,2,15,5,.35405529,-.34572208,0,0,0,0,1,0,0,0,0,0
263,2019,3.6949325,4,7,2,15,7,.78548437,-.024934189,0,1,0,0,0,0,0,0,0,0
264,2018,4.1843238,4,7,1,23,9,-.10974753,-.5341022,0,0,1,0,0,0,0,0,0,0
264,2019,3.9820893,4,7,1,23,8,-.069746494,-1.0694524,0,0,0,0,0,0,0,1,0,0
265,2018,2.6303792,3,6,1,20,8,-.95908308,.35214326,0,0,0,0,0,0,0,1,0,0
265,2019,3.001477,3,8,1,20,6,.32599634,-.4319005,0,0,0,0,0,1,0,0,0,0
266,2018,5.2491274,3,7,1,23,9,.39272732,-1.7155023,0,0,0,0,0,0,1,0,0,0
266,2019,5.367053,5,7,1,23,7,.22865272,-1.9243226,0,1,0,0,0,0,0,0,0,0
267,2018,3.8316085,2,6,1,18,6,-.8322202,-1.3206383,0,0,0,0,1,0,0,0,0,0
267,2019,4.1276183,4,7,1,18,8,1.0355476,-2.1383641,0,0,0,0,0,1,0,0,0,0
268,2018,3.512598,2,7,1,18,7,-.1509378,-.85230267,0,0,0,0,0,1,0,0,0,0
268,2019,3.4915485,2,7,1,18,9,.22968835,-1.4296063,0,0,0,1,0,0,0,0,0,0
269,2018,3.6467662,3,6,1,18,8,.16814345,-2.8791869,0,0,0,0,0,1,0,0,0,0
269,2019,5.1783266,3,6,1,18,10,.20338827,.2842707,1,0,0,0,0,0,0,0,0,0
270,2019,5.8617463,4,6,1,25,4,.1479671,.42174426,1,0,0,0,0,0,0,0,0,0
271,2019,3.2032044,4,6,1,17,8,-.31451118,-.080899663,0,0,0,0,0,0,0,1,0,0
272,2019,4.0242958,4,8,1,17,4,.95981526,-1.3380777,0,0,0,1,0,0,0,0,0,0
273,2019,6.1593809,5,6,1,25,4,.80328143,-1.01651,0,0,1,0,0,0,0,0,0,0
274,2019,4.7996435,4,6,1,22,7,-.34568644,-1.4144714,0,0,0,0,0,1,0,0,0,0
275,2019,4.060771,5,6,1,21,4,.21518517,-.60872573,0,0,0,0,0,0,1,0,0,0
276,2019,3.4246376,3,6,1,17,7,.89257765,-2.7494876,0,0,0,0,0,0,1,0,0,0
277,2019,2.6890118,4,7,1,21,6,-.19368672,.041533045,0,0,0,0,0,0,0,1,0,0
278,2019,5.7175636,5,6,2,19,8,-.36890018,-1.534513,1,0,0,0,0,0,0,0,0,0
279,2019,4.8188338,3,7,2,19,5,.33993977,-1.5970764,0,0,1,0,0,0,0,0,0,0
280,2019,3.1057782,2,7,1,19,6,.59535044,-.68427068,0,0,0,0,0,0,0,0,0,1
281,2019,4.3298631,5,7,2,16,8,.33695936,-1.7068683,0,0,0,0,0,0,0,1,0,0
282,2019,3.6825256,3,6,2,16,4,.79425383,-2.4153826,0,0,0,0,0,1,0,0,0,0
283,2019,3.6091526,3,6,1,16,5,.52318704,-.79432917,0,0,0,1,0,0,0,0,0,0
284,2019,3.0205121,3,6,1,15,4,.78977841,-.90930897,0,0,0,0,0,0,1,0,0,0
285,2019,3.9803219,2,7,1,18,6,.26962316,-.46527037,0,0,0,0,1,0,0,0,0,0
286,2019,4.081018,4,7,1,27,9,-.12918878,1.3988341,0,0,0,0,1,0,0,0,0,0
287,2019,2.7324376,5,7,1,22,6,-.0033671856,-1.9802113,0,0,0,0,0,0,0,1,0,0
